CREATE DATABASE  IF NOT EXISTS `flight_db` /*!40100 DEFAULT CHARACTER SET utf8mb4 COLLATE utf8mb4_0900_ai_ci */ /*!80016 DEFAULT ENCRYPTION='N' */;
USE `flight_db`;
-- MySQL dump 10.13  Distrib 8.0.30, for Win64 (x86_64)
--
-- Host: localhost    Database: flight_db
-- ------------------------------------------------------
-- Server version	8.0.30

/*!40101 SET @OLD_CHARACTER_SET_CLIENT=@@CHARACTER_SET_CLIENT */;
/*!40101 SET @OLD_CHARACTER_SET_RESULTS=@@CHARACTER_SET_RESULTS */;
/*!40101 SET @OLD_COLLATION_CONNECTION=@@COLLATION_CONNECTION */;
/*!50503 SET NAMES utf8 */;
/*!40103 SET @OLD_TIME_ZONE=@@TIME_ZONE */;
/*!40103 SET TIME_ZONE='+00:00' */;
/*!40014 SET @OLD_UNIQUE_CHECKS=@@UNIQUE_CHECKS, UNIQUE_CHECKS=0 */;
/*!40014 SET @OLD_FOREIGN_KEY_CHECKS=@@FOREIGN_KEY_CHECKS, FOREIGN_KEY_CHECKS=0 */;
/*!40101 SET @OLD_SQL_MODE=@@SQL_MODE, SQL_MODE='NO_AUTO_VALUE_ON_ZERO' */;
/*!40111 SET @OLD_SQL_NOTES=@@SQL_NOTES, SQL_NOTES=0 */;

--
-- Table structure for table `aircraft`
--

DROP TABLE IF EXISTS `aircraft`;
/*!40101 SET @saved_cs_client     = @@character_set_client */;
/*!50503 SET character_set_client = utf8mb4 */;
CREATE TABLE `aircraft` (
  `aircraft_model` varchar(10) NOT NULL,
  `manufacturer` varchar(10) DEFAULT NULL,
  `seats` int DEFAULT NULL,
  `fly_range` int DEFAULT NULL,
  PRIMARY KEY (`aircraft_model`),
  KEY `aircraft_manufacturer_fk` (`manufacturer`),
  CONSTRAINT `aircraft_manufacturer_fk` FOREIGN KEY (`manufacturer`) REFERENCES `manufacturer` (`name`) ON DELETE RESTRICT ON UPDATE CASCADE
) ENGINE=InnoDB DEFAULT CHARSET=utf8mb4 COLLATE=utf8mb4_0900_ai_ci;
/*!40101 SET character_set_client = @saved_cs_client */;

--
-- Dumping data for table `aircraft`
--

LOCK TABLES `aircraft` WRITE;
/*!40000 ALTER TABLE `aircraft` DISABLE KEYS */;
INSERT INTO `aircraft` VALUES ('737','BOEING',188,3825),('747-8','BOEING',410,8000),('777','BOEING',400,8700),('787','BOEING',330,7635),('A220','AIRBUS',141,3200),('A320','AIRBUS',206,4000),('A330','AIRBUS',287,8150),('A350','AIRBUS',366,8400);
/*!40000 ALTER TABLE `aircraft` ENABLE KEYS */;
UNLOCK TABLES;

--
-- Table structure for table `airline`
--

DROP TABLE IF EXISTS `airline`;
/*!40101 SET @saved_cs_client     = @@character_set_client */;
/*!50503 SET character_set_client = utf8mb4 */;
CREATE TABLE `airline` (
  `id` char(2) NOT NULL,
  `name` varchar(45) DEFAULT NULL,
  PRIMARY KEY (`id`)
) ENGINE=InnoDB DEFAULT CHARSET=utf8mb4 COLLATE=utf8mb4_0900_ai_ci;
/*!40101 SET character_set_client = @saved_cs_client */;

--
-- Dumping data for table `airline`
--

LOCK TABLES `airline` WRITE;
/*!40000 ALTER TABLE `airline` DISABLE KEYS */;
INSERT INTO `airline` VALUES ('AA','American Airlines'),('AS','Alaska Airlines'),('B6','JetBlue'),('DL','Delta Air Lines'),('F9','Frontier Airlines'),('G4','Allegiant Air'),('HA','Hawaiian Airlines'),('NK','Spirit Airlines'),('UA','United Airlines'),('WN','Southwest Airlines');
/*!40000 ALTER TABLE `airline` ENABLE KEYS */;
UNLOCK TABLES;

--
-- Table structure for table `airplane`
--

DROP TABLE IF EXISTS `airplane`;
/*!40101 SET @saved_cs_client     = @@character_set_client */;
/*!50503 SET character_set_client = utf8mb4 */;
CREATE TABLE `airplane` (
  `airline_id` char(2) DEFAULT NULL,
  `registration_num` varchar(10) NOT NULL,
  `registration_date` date DEFAULT NULL,
  `model` varchar(20) DEFAULT NULL,
  PRIMARY KEY (`registration_num`),
  KEY `airplane_owner_fk` (`airline_id`),
  KEY `airplane_model_fk` (`model`),
  CONSTRAINT `airplane_model_fk` FOREIGN KEY (`model`) REFERENCES `aircraft` (`aircraft_model`),
  CONSTRAINT `airplane_owner_fk` FOREIGN KEY (`airline_id`) REFERENCES `airline` (`id`) ON UPDATE CASCADE
) ENGINE=InnoDB DEFAULT CHARSET=utf8mb4 COLLATE=utf8mb4_0900_ai_ci;
/*!40101 SET character_set_client = @saved_cs_client */;

--
-- Dumping data for table `airplane`
--

LOCK TABLES `airplane` WRITE;
/*!40000 ALTER TABLE `airplane` DISABLE KEYS */;
INSERT INTO `airplane` VALUES ('UA','1','2016-06-15','747-8'),('B6','10','2011-10-16','787'),('AA','100','2009-10-28','787'),('B6','101','2012-12-13','A220'),('AA','102','2008-02-07','A350'),('AS','103','2005-02-02','A330'),('DL','104','2014-09-09','737'),('WN','105','2007-08-06','737'),('AA','106','2014-07-24','787'),('UA','107','2017-08-03','747-8'),('UA','108','2005-04-16','A320'),('HA','109','2003-08-07','A320'),('HA','11','2017-06-06','A330'),('UA','110','2014-06-16','A320'),('NK','111','2003-11-05','787'),('UA','112','2022-05-17','A350'),('WN','113','2004-01-17','A220'),('DL','114','2011-07-15','A220'),('G4','115','2018-11-23','A320'),('WN','116','2016-10-23','A220'),('WN','117','2004-06-22','A220'),('G4','118','2007-04-15','A320'),('B6','119','2021-04-06','777'),('G4','12','2003-02-24','A350'),('WN','120','2003-01-16','787'),('F9','121','2004-09-07','777'),('NK','122','2022-11-11','A320'),('F9','123','2013-08-18','787'),('AA','124','2021-07-24','737'),('AS','125','2011-12-06','A320'),('AA','126','2014-12-04','737'),('UA','127','2017-06-25','A330'),('UA','128','2013-05-27','A350'),('B6','129','2022-08-20','A320'),('UA','13','2022-07-27','A220'),('F9','130','2018-06-08','A320'),('WN','131','2002-03-21','777'),('F9','132','2020-12-13','A220'),('NK','133','2012-05-04','747-8'),('F9','134','2011-10-01','747-8'),('WN','135','2015-12-15','737'),('B6','136','2008-08-15','A330'),('G4','137','2018-04-14','747-8'),('DL','138','2016-01-08','A220'),('AS','139','2002-10-29','A330'),('F9','14','2016-03-27','A350'),('UA','140','2015-12-06','A220'),('DL','141','2003-05-05','A320'),('WN','142','2017-06-21','787'),('AS','143','2005-07-16','A320'),('UA','144','2012-08-07','A330'),('F9','145','2020-12-28','A320'),('WN','146','2016-06-24','A320'),('WN','147','2019-08-27','747-8'),('AA','148','2005-12-16','737'),('G4','149','2010-05-23','787'),('B6','15','2002-08-05','A320'),('DL','150','2014-01-06','747-8'),('WN','151','2018-10-27','A220'),('UA','152','2009-09-07','A220'),('UA','153','2010-08-27','A320'),('AA','154','2009-09-13','787'),('AS','155','2020-07-14','A350'),('F9','156','2017-10-26','A350'),('DL','157','2009-07-14','A320'),('DL','158','2015-12-28','747-8'),('WN','159','2004-12-17','A220'),('DL','16','2004-02-19','A220'),('WN','160','2022-11-14','A330'),('DL','161','2002-04-03','787'),('HA','162','2012-10-11','A320'),('AS','163','2008-01-22','A330'),('UA','164','2007-01-26','737'),('B6','165','2013-11-14','A320'),('AA','166','2005-11-24','A220'),('F9','167','2013-11-28','747-8'),('UA','168','2009-03-26','747-8'),('HA','169','2019-09-08','737'),('B6','17','2019-09-16','737'),('B6','170','2018-01-11','787'),('AA','171','2006-09-27','A220'),('UA','172','2015-05-16','747-8'),('DL','173','2014-12-24','777'),('DL','174','2016-01-21','787'),('F9','175','2016-10-07','A220'),('AS','176','2018-05-01','A220'),('UA','177','2019-04-26','777'),('F9','178','2012-06-24','747-8'),('F9','179','2010-03-16','777'),('AA','18','2014-06-30','A330'),('NK','180','2011-10-08','777'),('NK','181','2012-01-21','737'),('B6','182','2016-03-30','777'),('F9','183','2011-01-18','737'),('UA','184','2007-06-16','777'),('F9','185','2019-03-12','A330'),('WN','186','2014-12-04','747-8'),('HA','187','2004-02-11','A220'),('HA','188','2002-07-16','A320'),('DL','189','2006-07-14','747-8'),('AA','19','2010-04-26','A320'),('UA','190','2008-12-18','A320'),('WN','191','2021-08-23','777'),('AS','192','2003-04-22','A330'),('B6','193','2005-01-13','A320'),('UA','194','2018-09-01','A220'),('F9','195','2020-06-23','A320'),('G4','196','2004-12-10','A350'),('DL','197','2020-11-11','A350'),('F9','198','2015-06-19','747-8'),('HA','199','2002-06-08','A350'),('UA','2','2003-09-18','A330'),('HA','20','2008-12-26','787'),('AS','200','2004-06-04','A320'),('G4','21','2020-03-21','777'),('DL','22','2020-09-24','A330'),('G4','23','2008-12-08','A320'),('F9','24','2006-01-26','A220'),('G4','25','2012-10-21','A320'),('G4','26','2016-09-22','A350'),('UA','27','2019-06-19','787'),('WN','28','2018-03-28','A220'),('NK','29','2005-09-10','A350'),('UA','3','2021-04-08','747-8'),('UA','30','2004-12-05','737'),('F9','31','2007-02-24','777'),('DL','32','2019-11-01','737'),('AA','33','2006-08-04','A350'),('F9','34','2017-07-12','787'),('AS','35','2010-01-01','A220'),('NK','36','2019-03-24','A220'),('G4','37','2020-10-20','737'),('NK','38','2002-12-23','A220'),('DL','39','2007-01-31','737'),('NK','4','2004-01-21','A350'),('AA','40','2005-04-14','737'),('UA','41','2009-03-23','737'),('WN','42','2006-04-02','A320'),('F9','43','2005-12-11','737'),('DL','44','2011-10-15','747-8'),('NK','45','2022-05-20','777'),('B6','46','2012-01-09','A220'),('UA','47','2022-03-03','737'),('G4','48','2022-11-06','A220'),('WN','49','2021-10-13','A220'),('NK','5','2008-07-04','A320'),('WN','50','2002-10-03','A350'),('AS','51','2011-03-30','A320'),('AA','52','2005-11-15','747-8'),('WN','53','2004-12-04','787'),('HA','54','2007-08-19','A320'),('UA','55','2017-04-04','A350'),('WN','56','2016-11-13','737'),('AA','57','2005-10-06','777'),('B6','58','2007-06-25','A330'),('HA','59','2012-03-20','A320'),('G4','6','2019-05-13','A350'),('B6','60','2008-08-24','A350'),('WN','61','2007-11-18','747-8'),('G4','62','2017-01-27','A220'),('G4','63','2002-12-11','A330'),('AA','64','2015-06-25','A220'),('WN','65','2019-06-21','737'),('WN','66','2021-04-15','A330'),('AS','67','2013-03-06','A320'),('AS','68','2008-09-26','737'),('B6','69','2020-12-18','747-8'),('B6','7','2009-11-02','747-8'),('F9','70','2015-08-22','A330'),('AS','71','2020-11-09','A350'),('F9','72','2015-04-12','A320'),('NK','73','2015-02-11','737'),('DL','74','2020-04-11','A350'),('F9','75','2008-01-27','A320'),('B6','76','2003-05-29','A220'),('F9','77','2017-03-05','777'),('WN','78','2014-06-29','A220'),('HA','79','2022-07-02','737'),('F9','8','2005-02-05','777'),('NK','80','2013-03-17','A350'),('G4','81','2019-02-23','777'),('B6','82','2008-10-31','787'),('B6','83','2003-03-09','A320'),('F9','84','2021-06-14','787'),('NK','85','2019-08-07','747-8'),('G4','86','2009-04-17','A320'),('AA','87','2003-04-17','787'),('HA','88','2016-08-12','A220'),('HA','89','2014-09-19','A330'),('F9','9','2006-05-28','777'),('AS','90','2016-05-05','A330'),('NK','91','2004-03-24','A220'),('DL','92','2022-09-13','A220'),('WN','93','2004-08-21','747-8'),('G4','94','2010-01-13','A330'),('UA','95','2003-07-06','A220'),('AS','96','2020-08-06','777'),('G4','97','2020-07-20','747-8'),('G4','98','2006-07-26','747-8'),('AA','99','2022-07-16','737');
/*!40000 ALTER TABLE `airplane` ENABLE KEYS */;
UNLOCK TABLES;

--
-- Table structure for table `airport`
--

DROP TABLE IF EXISTS `airport`;
/*!40101 SET @saved_cs_client     = @@character_set_client */;
/*!50503 SET character_set_client = utf8mb4 */;
CREATE TABLE `airport` (
  `airport_id` char(3) NOT NULL,
  `airport_name` varchar(100) DEFAULT NULL,
  `zip` varchar(5) DEFAULT NULL,
  PRIMARY KEY (`airport_id`)
) ENGINE=InnoDB DEFAULT CHARSET=utf8mb4 COLLATE=utf8mb4_0900_ai_ci;
/*!40101 SET character_set_client = @saved_cs_client */;

--
-- Dumping data for table `airport`
--

LOCK TABLES `airport` WRITE;
/*!40000 ALTER TABLE `airport` DISABLE KEYS */;
INSERT INTO `airport` VALUES ('ATL','Hartsfield-Jackson Atlanta International Airport','30320'),('DCA','Ronald Reagan Washington National Airport','22202'),('DEN','Denver International Airport','80249'),('DFW','Dallas/Fort Worth International Airport','75261'),('JFK','John F. Kennedy International Airport','11430'),('LAS','McCarran International Airport','89119'),('LAX','Los Angeles International Airport','90045'),('MCO','Orlando International Airport','32827'),('ORD','O\'Hare International Airport','60666'),('SEA','Seattle-Tacoma International Airport','98158'),('SFO','San Francisco International Airport','94128');
/*!40000 ALTER TABLE `airport` ENABLE KEYS */;
UNLOCK TABLES;

--
-- Table structure for table `attendants_on_flight`
--

DROP TABLE IF EXISTS `attendants_on_flight`;
/*!40101 SET @saved_cs_client     = @@character_set_client */;
/*!50503 SET character_set_client = utf8mb4 */;
CREATE TABLE `attendants_on_flight` (
  `employee_id` int NOT NULL,
  `airline_id` char(2) NOT NULL,
  `flight_num` int NOT NULL,
  PRIMARY KEY (`employee_id`,`airline_id`,`flight_num`),
  KEY `aod_airline_flight_fk` (`airline_id`,`flight_num`),
  CONSTRAINT `aod_airline_flight_fk` FOREIGN KEY (`airline_id`, `flight_num`) REFERENCES `flight` (`airline`, `flight_num`),
  CONSTRAINT `aof_eid_fk` FOREIGN KEY (`employee_id`) REFERENCES `flight_attendant` (`employee_id`)
) ENGINE=InnoDB DEFAULT CHARSET=utf8mb4 COLLATE=utf8mb4_0900_ai_ci;
/*!40101 SET character_set_client = @saved_cs_client */;

--
-- Dumping data for table `attendants_on_flight`
--

LOCK TABLES `attendants_on_flight` WRITE;
/*!40000 ALTER TABLE `attendants_on_flight` DISABLE KEYS */;
INSERT INTO `attendants_on_flight` VALUES (143,'AA',201),(151,'AA',201),(175,'AA',201),(141,'AA',202),(169,'AA',202),(180,'AA',202),(104,'AA',257),(111,'AA',257),(113,'AA',257),(142,'AA',257),(171,'AA',257),(119,'AA',260),(120,'AA',260),(121,'AA',260),(134,'AA',260),(142,'AA',260),(171,'AA',260),(110,'AA',263),(123,'AA',263),(138,'AA',263),(149,'AA',263),(171,'AA',263),(195,'AA',263),(147,'AA',299),(102,'AS',209),(107,'AS',209),(124,'AS',209),(161,'AS',209),(174,'AS',209),(112,'AS',213),(131,'AS',213),(143,'AS',213),(195,'AS',213),(121,'AS',216),(130,'AS',216),(160,'AS',216),(172,'AS',216),(153,'AS',224),(183,'AS',224),(115,'AS',231),(157,'AS',231),(177,'AS',231),(123,'AS',244),(135,'AS',244),(147,'AS',244),(166,'AS',244),(162,'AS',264),(169,'AS',264),(181,'AS',264),(107,'AS',267),(138,'AS',267),(114,'AS',280),(130,'AS',280),(137,'AS',280),(173,'AS',280),(174,'AS',280),(179,'AS',280),(104,'AS',284),(138,'AS',284),(139,'AS',284),(142,'AS',284),(143,'AS',284),(167,'AS',284),(105,'AS',286),(127,'AS',286),(139,'AS',286),(188,'AS',286),(109,'AS',298),(129,'AS',298),(135,'AS',298),(146,'AS',298),(159,'AS',298),(161,'AS',298),(165,'AS',298),(166,'AS',298),(114,'B6',208),(121,'B6',208),(173,'B6',208),(191,'B6',208),(113,'B6',215),(182,'B6',215),(102,'B6',222),(148,'B6',222),(156,'B6',222),(163,'B6',222),(112,'B6',237),(117,'B6',237),(138,'B6',237),(166,'B6',237),(112,'B6',271),(174,'B6',271),(192,'B6',271),(109,'B6',277),(184,'B6',277),(193,'B6',277),(127,'B6',278),(138,'B6',278),(144,'B6',278),(180,'B6',278),(114,'B6',288),(163,'B6',288),(195,'B6',288),(103,'B6',294),(122,'B6',294),(172,'B6',294),(147,'B6',296),(175,'B6',296),(188,'B6',296),(105,'DL',203),(130,'DL',203),(144,'DL',203),(147,'DL',203),(163,'DL',203),(191,'DL',203),(118,'DL',221),(119,'DL',221),(120,'DL',221),(140,'DL',221),(150,'DL',221),(177,'DL',221),(190,'DL',221),(115,'DL',225),(117,'DL',225),(142,'DL',225),(149,'DL',225),(160,'DL',225),(133,'DL',241),(146,'DL',241),(153,'DL',241),(155,'DL',241),(159,'DL',241),(167,'DL',241),(190,'DL',241),(172,'DL',246),(176,'DL',246),(190,'DL',246),(139,'DL',252),(146,'DL',252),(168,'DL',252),(128,'DL',261),(106,'DL',270),(113,'DL',270),(182,'DL',270),(129,'DL',283),(157,'DL',283),(159,'DL',283),(194,'DL',283),(113,'DL',287),(134,'DL',287),(135,'DL',287),(177,'DL',287),(179,'DL',287),(190,'DL',287),(101,'F9',211),(161,'F9',211),(170,'F9',211),(171,'F9',211),(103,'F9',217),(153,'F9',217),(166,'F9',217),(104,'F9',219),(134,'F9',219),(143,'F9',219),(126,'F9',223),(152,'F9',223),(170,'F9',223),(142,'F9',235),(144,'F9',235),(187,'F9',235),(104,'F9',243),(115,'F9',243),(128,'F9',243),(149,'F9',243),(151,'F9',243),(170,'F9',243),(113,'F9',247),(136,'F9',247),(139,'F9',247),(160,'F9',247),(190,'F9',247),(106,'F9',248),(130,'F9',248),(134,'F9',248),(177,'F9',248),(190,'F9',248),(106,'F9',256),(115,'F9',256),(139,'F9',256),(172,'F9',256),(174,'F9',256),(143,'F9',258),(157,'F9',258),(171,'F9',258),(190,'F9',258),(103,'F9',268),(107,'F9',268),(114,'F9',268),(128,'F9',268),(177,'F9',268),(101,'F9',274),(106,'F9',274),(165,'F9',274),(184,'F9',274),(111,'F9',297),(166,'F9',297),(106,'F9',300),(109,'F9',300),(116,'F9',300),(146,'F9',300),(102,'G4',207),(106,'G4',207),(111,'G4',207),(123,'G4',207),(136,'G4',207),(111,'G4',214),(123,'G4',214),(131,'G4',214),(147,'G4',214),(166,'G4',214),(127,'G4',220),(160,'G4',220),(163,'G4',220),(171,'G4',220),(189,'G4',220),(129,'G4',228),(134,'G4',228),(135,'G4',228),(138,'G4',228),(149,'G4',228),(156,'G4',228),(180,'G4',228),(119,'G4',238),(120,'G4',238),(124,'G4',238),(138,'G4',238),(144,'G4',238),(165,'G4',238),(180,'G4',238),(182,'G4',238),(190,'G4',238),(121,'G4',255),(155,'G4',255),(163,'G4',255),(169,'G4',255),(123,'G4',272),(149,'G4',272),(158,'G4',272),(176,'G4',272),(183,'G4',272),(174,'G4',289),(121,'G4',292),(137,'G4',292),(145,'G4',292),(107,'HA',210),(141,'HA',210),(144,'HA',210),(151,'HA',210),(161,'HA',210),(170,'HA',210),(183,'HA',210),(126,'HA',227),(145,'HA',227),(172,'HA',227),(105,'HA',233),(119,'HA',233),(134,'HA',233),(156,'HA',233),(124,'HA',275),(126,'HA',275),(153,'HA',275),(159,'HA',275),(166,'HA',275),(104,'HA',279),(126,'HA',279),(134,'HA',279),(136,'HA',279),(139,'HA',279),(151,'HA',279),(154,'HA',279),(169,'HA',279),(110,'HA',290),(116,'HA',290),(130,'HA',290),(154,'HA',290),(177,'HA',293),(187,'HA',293),(111,'NK',206),(126,'NK',206),(136,'NK',206),(160,'NK',206),(178,'NK',206),(111,'NK',212),(185,'NK',212),(190,'NK',212),(154,'NK',218),(159,'NK',218),(187,'NK',218),(109,'NK',226),(122,'NK',226),(134,'NK',236),(176,'NK',236),(184,'NK',236),(151,'NK',245),(187,'NK',245),(151,'NK',251),(161,'NK',251),(170,'NK',251),(133,'NK',281),(138,'NK',281),(144,'NK',281),(188,'NK',281),(134,'NK',285),(169,'NK',285),(173,'NK',285),(181,'NK',285),(122,'NK',295),(127,'NK',295),(160,'NK',295),(166,'NK',295),(170,'NK',295),(187,'NK',295),(144,'UA',205),(146,'UA',205),(133,'UA',229),(143,'UA',229),(111,'UA',230),(137,'UA',230),(157,'UA',230),(173,'UA',230),(177,'UA',230),(191,'UA',230),(133,'UA',239),(147,'UA',239),(150,'UA',239),(154,'UA',239),(107,'UA',242),(125,'UA',242),(151,'UA',242),(152,'UA',242),(112,'UA',250),(127,'UA',250),(135,'UA',250),(166,'UA',250),(194,'UA',250),(101,'UA',262),(123,'UA',262),(130,'UA',262),(142,'UA',262),(145,'UA',262),(150,'UA',262),(160,'UA',262),(164,'UA',262),(105,'UA',266),(177,'UA',266),(117,'WN',204),(138,'WN',204),(188,'WN',204),(128,'WN',234),(138,'WN',234),(178,'WN',240),(194,'WN',240),(125,'WN',249),(151,'WN',249),(163,'WN',249),(164,'WN',249),(103,'WN',253),(126,'WN',253),(149,'WN',254),(183,'WN',254),(192,'WN',254),(109,'WN',265),(149,'WN',265),(102,'WN',269),(103,'WN',269),(116,'WN',269),(129,'WN',269),(145,'WN',269),(146,'WN',269),(108,'WN',273),(148,'WN',276),(185,'WN',276),(101,'WN',282),(149,'WN',282),(186,'WN',282),(190,'WN',282),(108,'WN',291),(123,'WN',291),(172,'WN',291);
/*!40000 ALTER TABLE `attendants_on_flight` ENABLE KEYS */;
UNLOCK TABLES;

--
-- Table structure for table `employee`
--

DROP TABLE IF EXISTS `employee`;
/*!40101 SET @saved_cs_client     = @@character_set_client */;
/*!50503 SET character_set_client = utf8mb4 */;
CREATE TABLE `employee` (
  `employee_id` int NOT NULL AUTO_INCREMENT,
  `airline` varchar(2) DEFAULT NULL,
  `first_name` varchar(10) DEFAULT NULL,
  `last_name` varchar(10) DEFAULT NULL,
  `dob` date DEFAULT NULL,
  `hire_date` date DEFAULT NULL,
  PRIMARY KEY (`employee_id`),
  KEY `employee_airline_fk` (`airline`),
  CONSTRAINT `employee_airline_fk` FOREIGN KEY (`airline`) REFERENCES `airline` (`id`) ON UPDATE CASCADE
) ENGINE=InnoDB AUTO_INCREMENT=196 DEFAULT CHARSET=utf8mb4 COLLATE=utf8mb4_0900_ai_ci;
/*!40101 SET character_set_client = @saved_cs_client */;

--
-- Dumping data for table `employee`
--

LOCK TABLES `employee` WRITE;
/*!40000 ALTER TABLE `employee` DISABLE KEYS */;
INSERT INTO `employee` VALUES (1,'UA','Ashla','Meffin','1963-01-18','2008-12-09'),(2,'WN','Genvieve','Terrazzo','1972-08-05','2006-03-10'),(3,'UA','Alaric','Bissell','1997-07-22','2021-03-26'),(4,'DL','Stanford','Wilprecht','1968-09-26','2016-11-05'),(5,'F9','Dorian','Naptin','1978-04-08','2018-01-02'),(6,'AA','Seana','Castanares','1981-10-26','2008-07-29'),(7,'HA','Boote','Duignan','1974-06-24','2014-04-17'),(8,'G4','Johann','Bleaden','2001-09-24','2020-08-05'),(9,'UA','Gerard','Kindell','1990-04-22','2009-08-08'),(10,'G4','Connie','Juares','1964-06-16','2014-05-19'),(11,'AA','Michelle','Kliemann','1983-10-12','2011-03-26'),(12,'NK','Jessi','Devenport','1970-01-30','2016-12-23'),(13,'F9','Rosaleen','Ilymanov','2002-02-16','2010-09-14'),(14,'G4','Alvina','Rome','1994-02-15','2010-03-13'),(15,'DL','Normie','Reinbech','1964-01-08','2006-12-31'),(16,'HA','Aubrette','Ruby','1990-08-19','2019-01-03'),(17,'F9','Dacy','Correa','1984-02-01','2020-11-29'),(18,'HA','Gonzales','Warbrick','1966-05-11','2005-06-09'),(19,'B6','Odey','Cookman','1966-08-16','2020-06-23'),(20,'NK','Iorgo','Krollmann','2001-12-19','2020-06-21'),(21,'B6','Wake','Fawcett','1988-11-27','2015-12-30'),(22,'G4','Louisa','Yallop','1974-06-06','2016-02-16'),(23,'NK','Abramo','Bawles','1990-02-10','2005-11-05'),(24,'G4','Esteban','Vallow','1994-04-22','2021-06-14'),(25,'UA','Gaylor','Gatrell','1994-03-03','2006-06-02'),(26,'DL','Jolie','Holde','1975-04-01','2016-07-30'),(27,'G4','Thibaut','Fasler','1967-06-28','2013-05-19'),(28,'B6','Davy','Hadgraft','1981-03-08','2009-01-17'),(29,'G4','Felicia','Belshaw','1959-05-07','2009-09-08'),(30,'G4','Karia','Demaine','1970-07-19','2012-08-28'),(31,'NK','Joscelin','Whitney','1984-05-12','2006-10-28'),(32,'AA','Tucky','Bunyard','1991-03-21','2018-12-14'),(33,'UA','Gard','Feifer','1982-01-21','2016-06-13'),(34,'DL','Orrin','Crayton','1978-03-29','2011-05-16'),(35,'AS','Wilbur','Sadd','2001-04-09','2012-12-21'),(36,'DL','Sholom','De Micoli','1979-07-05','2018-10-25'),(37,'F9','Kermy','Brabban','1965-11-21','2019-03-29'),(38,'UA','Borg','Spehr','1991-11-12','2014-03-07'),(39,'DL','Ailbert','Burkhill','1974-10-31','2018-03-02'),(40,'HA','Merrie','Nand','2000-07-26','2007-04-29'),(41,'AS','Carolan','Louys','1986-11-04','2006-09-26'),(42,'AA','Sarena','Harker','2003-11-15','2014-01-23'),(43,'AA','Zoe','Seywood','1997-10-27','2018-05-20'),(44,'F9','Jonis','Willsmore','1994-03-14','2012-01-28'),(45,'HA','Dore','Maywood','1961-05-22','2009-03-20'),(46,'UA','West','Primett','1968-04-15','2017-09-12'),(47,'HA','Paxon','Syde','1992-12-26','2006-09-30'),(48,'DL','Hailee','Selwin','1968-06-17','2013-02-16'),(49,'AA','Birgitta','Goodsall','2001-01-29','2007-11-12'),(50,'F9','Jacenta','Hovey','1976-04-06','2012-09-02'),(51,'AA','Elva','Kneeshaw','1965-10-08','2005-06-04'),(52,'AS','Lizbeth','Stading','1986-07-08','2012-04-18'),(53,'B6','Lydie','Dexter','1973-11-04','2013-10-24'),(54,'B6','Filbert','Doughill','1991-10-01','2011-03-18'),(55,'WN','Levey','Grose','1984-11-22','2012-02-22'),(56,'DL','Sonny','Manketell','1978-01-08','2018-03-12'),(57,'AA','Aldon','Jenckes','1997-03-23','2016-09-03'),(58,'UA','Alain','Sebyer','1964-06-24','2013-04-16'),(59,'AA','Celie','Spier','1980-01-15','2016-05-02'),(60,'F9','Ambrosio','Epps','1987-11-14','2012-08-14'),(61,'WN','Erhart','Marrett','1970-02-17','2010-07-01'),(62,'B6','Hamel','Melan','1972-03-01','2011-01-03'),(63,'HA','Winslow','Frise','1988-07-09','2008-01-07'),(64,'B6','Erie','Churchyard','1964-08-02','2021-11-02'),(65,'WN','Thebault','Jorissen','1973-05-12','2014-05-18'),(66,'UA','Tallie','Kersaw','1993-04-15','2016-12-24'),(67,'G4','Riobard','Coules','1983-04-16','2019-05-07'),(68,'G4','Jenny','Moreby','1966-05-28','2017-01-08'),(69,'DL','Charley','Larmuth','1985-05-12','2020-12-14'),(70,'NK','Andre','Crimmins','1966-05-13','2017-09-23'),(71,'NK','Eran','Hartop','1997-03-28','2007-04-22'),(72,'NK','Laverna','Servante','1996-03-22','2013-04-30'),(73,'F9','Lorry','Dorbon','1973-05-18','2015-02-27'),(74,'B6','Isabel','Palluschek','1992-03-06','2020-04-18'),(75,'NK','Major','Goodsall','1983-07-29','2005-01-13'),(76,'F9','Alfonso','Ovize','1982-07-28','2005-01-07'),(77,'NK','Violet','Duckett','1993-04-30','2014-01-11'),(78,'UA','Will','Rambaut','1999-07-31','2021-11-03'),(79,'AS','Laureen','McCarly','1991-10-03','2019-09-05'),(80,'HA','Algernon','Derges','1994-08-03','2019-10-27'),(81,'NK','Maren','MacGauhy','1997-11-03','2017-06-01'),(82,'F9','Abran','McCuish','1960-05-08','2020-10-17'),(83,'NK','Son','McNeillie','1966-04-06','2007-05-19'),(84,'DL','Randie','Youel','1985-02-28','2020-12-28'),(85,'AA','Vonny','Critchell','2000-02-10','2008-10-02'),(86,'UA','Jarib','Dibbert','1975-07-04','2019-06-22'),(87,'HA','Verile','Belshaw','1966-07-13','2014-06-28'),(88,'WN','Alfonso','Kirtley','1993-10-22','2007-10-07'),(89,'G4','Sharlene','Mowle','1980-02-09','2015-11-24'),(90,'DL','Rick','Battabee','1991-12-07','2018-11-15'),(91,'AS','Nert','Zambon','1986-03-28','2011-07-13'),(92,'UA','Verge','Chazelle','1994-09-07','2021-01-08'),(93,'UA','Hephzibah','Scoterbosh','1965-03-17','2009-10-20'),(94,'NK','Boy','Garrals','1998-07-18','2018-05-07'),(95,'F9','Mary','Ginty','1995-11-16','2018-10-15'),(96,'DL','Karole','Dicey','2003-02-23','2006-09-03'),(97,'HA','Ranna','Ygo','1986-03-22','2019-07-16'),(98,'B6','Ashien','Skirving','1964-04-27','2006-03-27'),(99,'WN','Linc','Radsdale','2000-02-21','2020-04-24'),(100,'NK','Garrard','Oubridge','1979-09-29','2019-03-15'),(101,'B6','Gussie','Lushey','1987-10-17','2012-04-05'),(102,'G4','Inger','Titheridge','1987-02-09','2007-06-04'),(103,'NK','Inigo','Cuniam','2001-01-16','2013-02-01'),(104,'AA','Ralph','Leyton','1980-04-12','2018-02-24'),(105,'AA','Karlee','Helliker','1969-11-09','2007-06-04'),(106,'AA','Jonell','Dooher','1982-03-24','2014-07-07'),(107,'AA','Mommy','Selbie','1989-10-05','2015-09-18'),(108,'AA','Garvin','Rosetti','1987-05-18','2019-02-28'),(109,'UA','Alexina','Hadkins','1966-11-10','2008-01-04'),(110,'DL','Dane','Tinston','1991-05-06','2021-01-26'),(111,'WN','Caren','Barltrop','1993-06-25','2021-01-26'),(112,'B6','Johannah','Kentwell','1998-03-10','2013-10-06'),(113,'AS','Orsa','Shepperd','1994-05-21','2007-07-05'),(114,'B6','Vidovic','Geator','1970-11-03','2013-10-03'),(115,'AS','Spense','Pochet','1977-06-02','2019-02-27'),(116,'F9','Shae','Guilloud','1961-10-23','2007-06-27'),(117,'B6','Welsh','Vettore','1959-11-12','2006-05-23'),(118,'NK','Lebbie','Badrick','1988-12-28','2016-03-02'),(119,'AS','Margalo','Wallbanks','1985-10-29','2006-12-25'),(120,'NK','Velvet','Kinny','1973-10-17','2011-03-01'),(121,'AS','Jud','Tosspell','1969-02-16','2020-06-23'),(122,'F9','Sid','Daal','1975-01-25','2012-11-27'),(123,'DL','Wallie','Rings','1965-07-05','2016-03-11'),(124,'WN','Cornie','Billin','2002-01-01','2005-02-11'),(125,'G4','Brenn','Hartright','1977-05-08','2005-05-15'),(126,'B6','Giuditta','Gelletly','1986-11-05','2012-10-29'),(127,'B6','Dana','Connett','1983-03-08','2020-01-14'),(128,'AA','Hazel','Maytom','1965-02-20','2014-09-24'),(129,'DL','Kinsley','Keenlyside','1966-10-18','2016-11-24'),(130,'F9','Halimeda','Lilburne','2003-05-13','2015-03-25'),(131,'HA','Anstice','Spon','1999-12-17','2018-01-15'),(132,'HA','Christalle','Samsin','1998-01-04','2008-09-07'),(133,'AA','Marie-ann','Tabner','2000-06-01','2016-05-12'),(134,'HA','Kip','Barrs','1987-04-09','2017-09-27'),(135,'AA','Bevan','Bacchus','1992-07-28','2013-10-12'),(136,'DL','Mallissa','Cotes','1978-02-01','2009-07-02'),(137,'DL','Grenville','Driscoll','1993-06-22','2005-07-19'),(138,'B6','Ronny','Siddaley','1963-05-04','2017-12-05'),(139,'HA','Dierdre','Vardey','1978-11-30','2014-06-21'),(140,'AS','Danny','Andrivel','1976-12-03','2009-01-23'),(141,'WN','Marion','Clemon','1999-03-17','2005-12-02'),(142,'B6','Buffy','Palmer','1988-05-12','2005-03-04'),(143,'AA','Hana','Sanper','1996-12-29','2011-03-23'),(144,'F9','Niel','Farrall','1980-01-24','2009-12-07'),(145,'F9','Gordan','Kroin','1967-04-26','2021-04-01'),(146,'DL','Griswold','Buckston','1991-04-18','2007-12-25'),(147,'G4','Lita','Svanini','1995-09-29','2014-10-29'),(148,'AS','Chandra','Punt','1999-06-08','2018-08-30'),(149,'HA','My','Platfoot','2000-05-06','2013-06-23'),(150,'UA','Eugen','McPeck','1968-07-05','2012-03-23'),(151,'F9','Auberon','Malham','1961-02-02','2013-05-06'),(152,'AA','Milka','Halley','1987-01-11','2013-12-26'),(153,'WN','Elana','Skeleton','2000-05-29','2017-12-26'),(154,'HA','Lana','De Hooge','1992-05-20','2019-07-25'),(155,'WN','Gerti','Wardingley','1968-12-11','2008-08-20'),(156,'B6','Jillana','Eannetta','1982-12-16','2018-06-04'),(157,'G4','Belicia','Kilmister','1988-05-17','2015-10-29'),(158,'B6','Cirstoforo','Yoell','1966-03-22','2005-01-10'),(159,'F9','Delainey','Boyes','1991-08-09','2011-09-24'),(160,'AS','Abra','Vowels','1981-08-10','2016-05-07'),(161,'G4','Philippa','Tzarkov','1962-08-08','2011-06-14'),(162,'WN','Melissa','Yve','1963-03-27','2014-12-31'),(163,'B6','Jamill','Makey','1965-01-12','2016-12-03'),(164,'NK','Dalli','Bresnen','1988-05-17','2013-07-16'),(165,'NK','Jilleen','Lahiff','2002-01-28','2013-12-02'),(166,'B6','Cristina','Dorn','1991-05-05','2007-01-03'),(167,'DL','Ainslie','McCrisken','1963-04-03','2007-07-16'),(168,'UA','Veriee','Tilliards','1965-12-20','2018-06-26'),(169,'G4','Halimeda','Mungan','1973-04-09','2005-01-03'),(170,'DL','Vivyanne','Kliner','1980-09-07','2013-09-13'),(171,'G4','Whitney','Bulloch','1998-11-30','2018-08-15'),(172,'DL','Margaret','Darell','1992-06-07','2021-11-08'),(173,'G4','Genovera','Boolsen','1998-11-30','2010-06-14'),(174,'F9','Ivie','Andreazzi','1992-08-30','2009-06-03'),(175,'B6','Othilia','Rhucroft','1992-03-11','2010-08-13'),(176,'HA','Angelika','Viney','1985-05-11','2015-08-02'),(177,'WN','Ava','Sieve','2003-06-09','2017-05-29'),(178,'WN','Zonnya','Meikle','1978-11-21','2009-09-29'),(179,'AA','Larisa','Siddaley','1975-12-24','2015-04-23'),(180,'B6','Willie','Winfrey','1998-03-20','2017-03-14'),(181,'HA','Cassie','McShee','1980-08-23','2005-07-13'),(182,'G4','Rudd','Bohan','1995-07-20','2011-08-15'),(183,'WN','Carr','Ros','1975-05-16','2018-07-20'),(184,'NK','Tracie','Krates','1972-03-11','2015-04-28'),(185,'UA','Rubia','O\'Connel','1991-10-27','2021-06-26'),(186,'HA','Hilario','Downey','1961-11-11','2015-05-26'),(187,'G4','Davidson','Fryatt','1965-10-22','2011-07-30'),(188,'UA','Crystie','Antonin','1975-07-06','2014-02-18'),(189,'WN','Tresa','Campana','1972-11-24','2007-02-21'),(190,'WN','Juli','Joul','1976-10-10','2009-01-30'),(191,'DL','Brigida','Tabert','1964-03-06','2020-12-08'),(192,'DL','Basilius','Ivachyov','1993-02-03','2019-02-27'),(193,'B6','Aurilia','Winsor','2000-08-17','2020-07-10'),(194,'G4','Cecilia','Bowbrick','1969-07-08','2007-04-15'),(195,'AA','Godard','Balden','1986-04-22','2017-07-27');
/*!40000 ALTER TABLE `employee` ENABLE KEYS */;
UNLOCK TABLES;

--
-- Table structure for table `flight`
--

DROP TABLE IF EXISTS `flight`;
/*!40101 SET @saved_cs_client     = @@character_set_client */;
/*!50503 SET character_set_client = utf8mb4 */;
CREATE TABLE `flight` (
  `airline` char(2) NOT NULL,
  `flight_num` int NOT NULL AUTO_INCREMENT,
  `departs_from` char(3) DEFAULT NULL,
  `arrives_to` char(3) DEFAULT NULL,
  `departure_time` datetime DEFAULT NULL,
  `arrival_time` datetime DEFAULT NULL,
  `num_passengers` int DEFAULT '0',
  `airplane` varchar(10) DEFAULT NULL,
  `pilot1` int DEFAULT NULL,
  `pilot2` int DEFAULT NULL,
  PRIMARY KEY (`flight_num`,`airline`),
  KEY `flight_airline_fk` (`airline`),
  KEY `flight_depart_fk` (`departs_from`),
  KEY `flight_arrival_fk` (`arrives_to`),
  KEY `flight_airplane_fk` (`airplane`),
  KEY `flight_pilot1_fk` (`pilot1`),
  KEY `flight_pilot2_fk` (`pilot2`),
  CONSTRAINT `flight_airline_fk` FOREIGN KEY (`airline`) REFERENCES `airline` (`id`) ON UPDATE CASCADE,
  CONSTRAINT `flight_airplane_fk` FOREIGN KEY (`airplane`) REFERENCES `airplane` (`registration_num`) ON UPDATE CASCADE,
  CONSTRAINT `flight_arrival_fk` FOREIGN KEY (`arrives_to`) REFERENCES `airport` (`airport_id`) ON UPDATE CASCADE,
  CONSTRAINT `flight_depart_fk` FOREIGN KEY (`departs_from`) REFERENCES `airport` (`airport_id`) ON UPDATE CASCADE,
  CONSTRAINT `flight_pilot1_fk` FOREIGN KEY (`pilot1`) REFERENCES `pilot` (`employee_id`) ON DELETE SET NULL,
  CONSTRAINT `flight_pilot2_fk` FOREIGN KEY (`pilot2`) REFERENCES `pilot` (`employee_id`) ON DELETE SET NULL,
  CONSTRAINT `flight_times` CHECK ((`arrival_time` > `departure_time`))
) ENGINE=InnoDB AUTO_INCREMENT=306 DEFAULT CHARSET=utf8mb4 COLLATE=utf8mb4_0900_ai_ci;
/*!40101 SET character_set_client = @saved_cs_client */;

--
-- Dumping data for table `flight`
--

LOCK TABLES `flight` WRITE;
/*!40000 ALTER TABLE `flight` DISABLE KEYS */;
INSERT INTO `flight` VALUES ('AA',201,'DCA','ORD','2022-11-22 00:24:00','2022-11-22 07:13:00',19,'49',49,94),('AA',202,'DCA','DEN','2022-09-30 10:10:00','2022-09-30 19:02:00',17,'54',87,15),('DL',203,'DEN','ATL','2022-10-21 20:52:00','2022-10-22 01:30:00',16,'189',13,16),('WN',204,'DFW','DEN','2022-08-21 22:10:00','2022-08-22 00:22:00',21,'80',10,63),('UA',205,'MCO','ORD','2022-11-29 04:34:00','2022-11-29 08:32:00',17,'144',11,91),('NK',206,'DCA','MCO','2022-05-28 05:29:00','2022-05-28 12:45:00',19,'35',87,81),('G4',207,'MCO','DFW','2022-06-03 23:36:00','2022-06-04 07:13:00',22,'33',41,99),('B6',208,'DFW','ORD','2022-06-04 13:40:00','2022-06-04 19:43:00',23,'147',41,69),('AS',209,'ORD','ATL','2022-08-20 21:29:00','2022-08-21 07:48:00',27,'170',75,93),('HA',210,'MCO','DCA','2022-06-20 19:45:00','2022-06-21 01:58:00',23,'72',59,33),('F9',211,'MCO','LAX','2022-01-25 06:39:00','2022-01-25 17:05:00',29,'2',15,7),('NK',212,'DEN','ATL','2022-08-22 16:56:00','2022-08-22 19:33:00',23,'139',7,76),('AS',213,'LAX','LAS','2022-10-22 11:10:00','2022-10-22 21:27:00',22,'111',81,83),('G4',214,'JFK','SEA','2021-12-25 11:35:00','2021-12-25 19:26:00',19,'97',4,45),('B6',215,'SFO','DCA','2022-09-01 17:30:00','2022-09-02 04:03:00',22,'51',84,15),('AS',216,'LAX','MCO','2022-02-01 23:49:00','2022-02-02 06:09:00',22,'140',38,93),('F9',217,'LAS','DEN','2022-10-28 16:12:00','2022-10-29 01:25:00',15,'168',64,30),('NK',218,'ATL','MCO','2022-11-27 10:30:00','2022-11-27 19:01:00',24,'16',68,56),('F9',219,'JFK','SEA','2022-02-13 07:04:00','2022-02-13 11:35:00',29,'107',46,10),('G4',220,'SEA','LAS','2022-02-09 01:09:00','2022-02-09 05:31:00',28,'83',7,4),('DL',221,'DFW','DCA','2022-03-18 20:03:00','2022-03-18 22:15:00',13,'39',100,75),('B6',222,'SEA','JFK','2022-01-30 21:36:00','2022-01-31 07:07:00',18,'138',75,97),('F9',223,'SEA','DEN','2022-09-30 23:09:00','2022-10-01 05:44:00',22,'185',6,67),('AS',224,'MCO','DFW','2022-04-28 06:30:00','2022-04-28 10:12:00',17,'190',68,74),('DL',225,'SEA','DFW','2022-05-14 04:49:00','2022-05-14 10:59:00',13,'8',61,85),('NK',226,'DFW','ATL','2022-09-17 02:30:00','2022-09-17 10:12:00',15,'133',91,4),('HA',227,'MCO','ORD','2022-09-15 14:59:00','2022-09-15 22:17:00',20,'92',14,47),('G4',228,'LAS','ATL','2022-05-10 07:34:00','2022-05-10 17:57:00',20,'118',74,54),('UA',229,'DFW','LAS','2022-11-05 18:44:00','2022-11-05 19:15:00',18,'74',53,55),('UA',230,'DCA','SFO','2022-04-23 05:17:00','2022-04-23 11:22:00',21,'198',8,1),('AS',231,'DFW','MCO','2022-04-22 07:51:00','2022-04-22 08:29:00',22,'49',16,67),('NK',232,'ORD','SFO','2022-04-07 07:47:00','2022-04-07 13:12:00',18,'62',26,21),('HA',233,'SEA','LAX','2022-02-21 11:35:00','2022-02-21 15:55:00',13,'80',55,4),('WN',234,'DCA','DEN','2022-01-29 07:12:00','2022-01-29 12:17:00',14,'55',69,12),('F9',235,'DEN','MCO','2022-04-12 13:44:00','2022-04-12 22:58:00',18,'193',41,83),('NK',236,'DCA','SFO','2022-10-16 11:37:00','2022-10-16 21:28:00',25,'73',37,12),('B6',237,'DCA','DEN','2022-04-01 14:39:00','2022-04-02 00:48:00',22,'8',80,78),('G4',238,'LAX','SEA','2022-03-25 17:52:00','2022-03-26 01:36:00',20,'36',36,82),('UA',239,'DEN','LAX','2022-07-31 06:21:00','2022-07-31 13:59:00',21,'11',40,94),('WN',240,'LAS','ORD','2022-08-16 20:10:00','2022-08-16 20:15:00',19,'115',3,78),('DL',241,'DFW','ORD','2022-10-16 22:43:00','2022-10-17 07:23:00',24,'122',30,97),('UA',242,'ORD','ATL','2022-07-05 10:21:00','2022-07-05 19:22:00',21,'114',6,11),('F9',243,'MCO','DFW','2022-04-12 15:58:00','2022-04-12 21:59:00',25,'144',66,77),('AS',244,'ORD','DEN','2022-01-29 14:28:00','2022-01-29 21:43:00',18,'66',71,28),('NK',245,'LAX','ORD','2022-01-28 21:07:00','2022-01-29 00:45:00',22,'38',78,81),('DL',246,'JFK','SFO','2022-06-12 04:19:00','2022-06-12 06:22:00',19,'183',18,46),('F9',247,'LAX','SEA','2022-06-29 08:27:00','2022-06-29 12:23:00',17,'170',46,52),('F9',248,'MCO','JFK','2022-03-27 06:52:00','2022-03-27 14:40:00',17,'30',38,70),('WN',249,'LAS','JFK','2022-06-21 06:49:00','2022-06-21 16:42:00',24,'96',7,51),('UA',250,'LAX','SFO','2022-08-15 21:16:00','2022-08-16 03:33:00',19,'45',73,88),('NK',251,'SEA','LAX','2022-08-29 21:25:00','2022-08-30 02:35:00',20,'162',7,49),('DL',252,'ATL','LAS','2022-02-08 23:50:00','2022-02-08 23:55:00',16,'15',93,28),('WN',253,'ATL','LAS','2022-07-09 10:06:00','2022-07-09 19:56:00',26,'183',23,71),('WN',254,'ATL','DFW','2022-10-05 07:45:00','2022-10-05 11:09:00',21,'163',18,56),('G4',255,'JFK','LAS','2022-06-19 19:52:00','2022-06-20 01:41:00',18,'47',91,19),('F9',256,'DFW','LAX','2022-06-07 06:29:00','2022-06-07 09:12:00',16,'106',96,59),('AA',257,'ORD','DCA','2022-03-10 02:47:00','2022-03-10 04:50:00',21,'178',68,34),('F9',258,'ATL','DEN','2022-02-04 11:04:00','2022-02-04 14:03:00',20,'130',96,20),('AS',259,'ORD','DFW','2022-05-07 04:11:00','2022-05-07 11:53:00',22,'55',5,4),('AA',260,'LAX','ATL','2021-12-19 17:01:00','2021-12-19 23:05:00',16,'124',11,94),('DL',261,'LAX','JFK','2022-06-04 14:38:00','2022-06-04 15:20:00',20,'9',97,65),('UA',262,'JFK','SEA','2022-01-29 06:01:00','2022-01-29 09:18:00',26,'135',96,9),('AA',263,'MCO','LAS','2022-02-20 17:44:00','2022-02-20 21:31:00',22,'54',1,70),('AS',264,'DEN','SFO','2022-07-08 16:20:00','2022-07-08 23:34:00',17,'96',19,94),('WN',265,'ORD','DEN','2022-01-17 01:37:00','2022-01-17 10:39:00',16,'107',65,90),('UA',266,'LAX','MCO','2022-05-17 18:12:00','2022-05-18 03:38:00',24,'91',38,70),('AS',267,'JFK','ORD','2022-02-25 07:34:00','2022-02-25 09:40:00',27,'57',88,84),('F9',268,'DFW','SFO','2021-12-17 11:08:00','2021-12-17 18:34:00',26,'43',55,50),('WN',269,'SEA','DCA','2022-03-19 10:52:00','2022-03-19 18:50:00',21,'45',98,3),('DL',270,'DFW','LAX','2022-01-18 13:19:00','2022-01-18 21:40:00',16,'123',73,18),('B6',271,'MCO','SEA','2022-03-10 03:25:00','2022-03-10 04:44:00',21,'8',20,79),('G4',272,'DEN','LAX','2022-01-26 23:39:00','2022-01-27 04:05:00',10,'88',65,99),('WN',273,'LAX','ORD','2022-03-23 05:01:00','2022-03-23 05:25:00',13,'176',35,63),('F9',274,'DFW','LAS','2022-03-21 09:57:00','2022-03-21 20:29:00',20,'183',56,37),('HA',275,'DCA','MCO','2022-06-26 21:08:00','2022-06-27 02:59:00',26,'80',19,7),('WN',276,'ATL','SFO','2022-05-01 14:41:00','2022-05-01 18:13:00',22,'147',14,69),('B6',277,'SEA','ORD','2022-02-14 14:54:00','2022-02-14 21:45:00',22,'144',76,4),('B6',278,'ORD','JFK','2022-07-19 01:17:00','2022-07-19 06:49:00',24,'115',15,68),('HA',279,'LAX','MCO','2022-01-29 01:53:00','2022-01-29 04:04:00',24,'25',88,46),('AS',280,'ATL','SEA','2022-07-05 00:49:00','2022-07-05 07:16:00',16,'15',66,83),('NK',281,'LAX','LAS','2022-09-11 09:34:00','2022-09-11 19:33:00',25,'136',93,99),('WN',282,'LAS','DFW','2022-06-20 03:47:00','2022-06-20 08:04:00',26,'87',54,50),('DL',283,'DEN','SEA','2022-04-19 14:50:00','2022-04-19 18:44:00',13,'114',73,62),('AS',284,'ORD','DFW','2022-01-30 19:36:00','2022-01-31 04:14:00',21,'169',94,89),('NK',285,'DCA','LAS','2022-03-24 22:52:00','2022-03-25 05:24:00',19,'122',86,1),('AS',286,'DEN','DCA','2022-12-01 04:53:00','2022-12-01 06:28:00',18,'161',28,17),('DL',287,'LAS','LAX','2022-02-13 01:18:00','2022-02-13 07:53:00',16,'148',44,13),('B6',288,'SEA','SFO','2022-04-11 17:51:00','2022-04-12 04:05:00',14,'192',17,45),('G4',289,'LAX','MCO','2021-12-16 20:50:00','2021-12-17 00:26:00',14,'176',39,91),('HA',290,'SEA','ATL','2022-01-12 04:32:00','2022-01-12 13:21:00',17,'92',80,9),('WN',291,'DCA','ATL','2022-07-04 06:51:00','2022-07-04 14:15:00',17,'109',62,96),('G4',292,'DEN','LAX','2022-12-04 21:41:00','2022-12-05 00:41:00',28,'6',46,61),('HA',293,'LAX','SFO','2022-04-04 05:21:00','2022-04-04 09:00:00',19,'133',20,99),('B6',294,'LAS','DCA','2022-10-28 14:55:00','2022-10-28 18:36:00',22,'131',32,33),('NK',295,'SFO','LAS','2022-09-05 07:47:00','2022-09-05 12:21:00',17,'145',62,94),('B6',296,'DEN','DFW','2022-11-16 05:28:00','2022-11-16 06:07:00',16,'193',86,79),('F9',297,'LAX','ATL','2022-10-28 12:01:00','2022-10-28 14:25:00',27,'57',37,24),('AS',298,'ATL','JFK','2022-08-23 19:30:00','2022-08-23 22:07:00',15,'187',24,12),('AA',299,'LAX','LAS','2022-01-06 04:22:00','2022-01-06 06:48:00',19,'43',41,16),('F9',300,'SEA','LAX','2021-12-15 09:40:00','2021-12-15 10:29:00',16,'57',24,61),('B6',303,'ATL','DCA','2012-12-12 11:11:12','2012-12-12 11:11:13',0,'1',2,3);
/*!40000 ALTER TABLE `flight` ENABLE KEYS */;
UNLOCK TABLES;

--
-- Table structure for table `flight_attendant`
--

DROP TABLE IF EXISTS `flight_attendant`;
/*!40101 SET @saved_cs_client     = @@character_set_client */;
/*!50503 SET character_set_client = utf8mb4 */;
CREATE TABLE `flight_attendant` (
  `employee_id` int NOT NULL,
  `registration_num` int DEFAULT NULL,
  PRIMARY KEY (`employee_id`),
  CONSTRAINT `flight_attendant_eid_fk` FOREIGN KEY (`employee_id`) REFERENCES `employee` (`employee_id`) ON DELETE CASCADE ON UPDATE CASCADE
) ENGINE=InnoDB DEFAULT CHARSET=utf8mb4 COLLATE=utf8mb4_0900_ai_ci;
/*!40101 SET character_set_client = @saved_cs_client */;

--
-- Dumping data for table `flight_attendant`
--

LOCK TABLES `flight_attendant` WRITE;
/*!40000 ALTER TABLE `flight_attendant` DISABLE KEYS */;
INSERT INTO `flight_attendant` VALUES (101,2598299),(102,3074185),(103,9188538),(104,6526274),(105,2345711),(106,4145900),(107,516068),(108,8273530),(109,4682511),(110,3682304),(111,9459937),(112,5092328),(113,3996743),(114,6848066),(115,6582721),(116,410909),(117,2814947),(118,9955288),(119,8762167),(120,9209063),(121,5252579),(122,6594915),(123,5358649),(124,9268326),(125,6156981),(126,5052586),(127,3121222),(128,7796698),(129,478907),(130,8583749),(131,822945),(132,8398710),(133,7531078),(134,5613992),(135,7358182),(136,1618447),(137,6416563),(138,8466707),(139,1081703),(140,534279),(141,1762686),(142,3366226),(143,4941168),(144,7716508),(145,6204901),(146,2258236),(147,6305255),(148,7127650),(149,1618779),(150,61336),(151,5988353),(152,8569405),(153,7552969),(154,1767180),(155,1415590),(156,7205173),(157,5494456),(158,4514865),(159,8817780),(160,7072555),(161,4154297),(162,2692425),(163,4706391),(164,5231568),(165,7061580),(166,8698363),(167,4471324),(168,9500614),(169,4680671),(170,7028824),(171,275362),(172,1189823),(173,4513240),(174,5589372),(175,624301),(176,9372789),(177,4060215),(178,2292926),(179,9698623),(180,6649893),(181,5391967),(182,9478047),(183,4362294),(184,2576423),(185,3881292),(186,9637814),(187,3871847),(188,6475999),(189,3730649),(190,4483488),(191,8429058),(192,6184992),(193,8553717),(194,6029465),(195,2739781);
/*!40000 ALTER TABLE `flight_attendant` ENABLE KEYS */;
UNLOCK TABLES;

--
-- Table structure for table `manufacturer`
--

DROP TABLE IF EXISTS `manufacturer`;
/*!40101 SET @saved_cs_client     = @@character_set_client */;
/*!50503 SET character_set_client = utf8mb4 */;
CREATE TABLE `manufacturer` (
  `name` varchar(10) NOT NULL,
  PRIMARY KEY (`name`)
) ENGINE=InnoDB DEFAULT CHARSET=utf8mb4 COLLATE=utf8mb4_0900_ai_ci;
/*!40101 SET character_set_client = @saved_cs_client */;

--
-- Dumping data for table `manufacturer`
--

LOCK TABLES `manufacturer` WRITE;
/*!40000 ALTER TABLE `manufacturer` DISABLE KEYS */;
INSERT INTO `manufacturer` VALUES ('AIRBUS'),('BOEING');
/*!40000 ALTER TABLE `manufacturer` ENABLE KEYS */;
UNLOCK TABLES;

--
-- Table structure for table `passenger`
--

DROP TABLE IF EXISTS `passenger`;
/*!40101 SET @saved_cs_client     = @@character_set_client */;
/*!50503 SET character_set_client = utf8mb4 */;
CREATE TABLE `passenger` (
  `name` varchar(50) DEFAULT NULL,
  `dob` date DEFAULT NULL,
  `passenger_id` int NOT NULL AUTO_INCREMENT,
  `phone` char(12) DEFAULT NULL,
  PRIMARY KEY (`passenger_id`)
) ENGINE=InnoDB AUTO_INCREMENT=1201 DEFAULT CHARSET=utf8mb4 COLLATE=utf8mb4_0900_ai_ci;
/*!40101 SET character_set_client = @saved_cs_client */;

--
-- Dumping data for table `passenger`
--

LOCK TABLES `passenger` WRITE;
/*!40000 ALTER TABLE `passenger` DISABLE KEYS */;
INSERT INTO `passenger` VALUES ('Jessie Hanratty','2006-01-31',1,'315-396-7685'),('Marillin Kenneford','1988-04-22',2,'129-515-6514'),('Dionysus Dyter','2001-04-26',3,'919-504-0886'),('Travus Frugier','2009-03-25',4,'875-166-8814'),('Melita Roskilly','2011-06-18',5,'373-276-0960'),('Corrie Coon','1977-11-24',6,'896-649-1869'),('Harland Edmunds','2007-08-01',7,'461-994-6289'),('Olin Dobbs','1962-05-27',8,'904-914-3882'),('Fanny Vannucci','1976-02-17',9,'328-196-8818'),('Lambert Giacomozzo','1979-02-01',10,'342-199-6047'),('Gayleen Tokell','2010-09-29',11,'722-435-4216'),('Christoforo Roundtree','1971-08-12',12,'160-110-7588'),('Kalie Schottli','1990-07-25',13,'506-722-6924'),('Cary Chessor','1992-12-28',14,'829-605-6793'),('Enoch Claessens','1985-04-23',15,'571-682-3594'),('Shepperd Charkham','1964-11-17',16,'340-854-4359'),('Arlena Phettiplace','1977-03-06',17,'298-131-3803'),('Sayers Clayfield','1995-10-16',18,'738-525-1914'),('Franni Nickols','1975-09-09',19,'347-131-8961'),('Agnes Maken','2006-05-05',20,'825-935-9875'),('Brier Woolnough','1982-07-30',21,'519-810-7235'),('Iain Bullard','2002-02-22',22,'704-117-9593'),('Carrissa Sutworth','1993-11-23',23,'888-553-6965'),('Kitty Kearns','1990-05-30',24,'120-425-0805'),('Karry Knipe','1990-02-13',25,'513-796-2580'),('Tabina Culpin','1963-06-29',26,'578-147-9515'),('Giorgio Joddens','1983-02-13',27,'336-599-7150'),('Dale Oldford','1990-08-26',28,'210-648-7337'),('Dylan Mealand','2012-01-30',29,'318-207-9149'),('Angelo Hannah','1965-09-27',30,'923-274-8430'),('Cloris Ditchburn','2010-06-11',31,'643-732-7338'),('Melisse Veasey','1990-01-09',32,'897-888-1370'),('Gilbertina Melbourn','1979-03-14',33,'967-306-3024'),('Tatum Truscott','1973-11-09',34,'962-288-2407'),('Lorie Cosson','1971-06-27',35,'458-245-1337'),('Murvyn Khan','1976-03-14',36,'884-464-5870'),('Celka Tomik','1966-11-04',37,'541-178-9969'),('Damiano Rudinger','2001-10-17',38,'716-629-1834'),('Adrianne O\'Hartnett','2014-11-05',39,'557-605-0186'),('Tabby Bowker','1992-09-09',40,'301-943-4596'),('Gwendolyn Corpes','2007-07-09',41,'945-545-1757'),('Beatriz Silberschatz','1993-03-02',42,'530-713-2199'),('Klarrisa Hearthfield','1983-07-26',43,'217-201-3797'),('Parnell Sanney','1988-12-27',44,'935-110-7217'),('Ardine Daubeny','2004-05-29',45,'382-455-3124'),('Dasi Ryhorovich','2013-06-18',46,'349-715-6288'),('Howard Copnell','1965-01-17',47,'316-516-2432'),('Jeniffer Yirrell','2005-06-23',48,'945-527-8046'),('Devlen Fellgatt','1970-01-11',49,'278-795-7379'),('Maisey Bogies','2001-01-21',50,'669-946-3643'),('Sibeal Frostdicke','1980-10-23',51,'311-886-9822'),('Boy Vowell','1962-01-16',52,'175-764-9326'),('Mora Belchamp','1983-06-12',53,'701-618-0451'),('Eleonore Wealleans','1966-02-21',54,'888-326-5128'),('Dion Benoix','1972-03-04',55,'805-469-8888'),('Margarete Chitter','1998-02-21',56,'941-453-0553'),('Malina Barneveld','1973-11-06',57,'408-958-8711'),('Costa Duckit','1992-11-10',58,'466-516-0592'),('Marya Lidstone','1959-07-30',59,'325-547-6163'),('Palm Beamson','1964-07-26',60,'193-727-6129'),('Auberta Shailer','2013-02-12',61,'828-382-1943'),('Raoul Burnhill','1991-01-22',62,'851-310-9619'),('Teena Dehn','1989-02-02',63,'229-860-3188'),('Barclay Benoiton','2003-12-24',64,'677-501-8857'),('Alys Bahls','1991-10-08',65,'639-961-1253'),('Elnore Ellick','1990-03-28',66,'377-685-4265'),('Cooper Gammie','1985-06-04',67,'768-295-0943'),('Drusy Sciusscietto','2012-06-10',68,'979-833-1053'),('Herman Peyro','1970-09-25',69,'485-655-8718'),('Selinda Rickwood','1967-06-16',70,'389-282-2039'),('Odelinda Remon','2004-11-29',71,'189-902-8963'),('Brett Gavrielli','1959-03-25',72,'993-927-1362'),('Barn Hedworth','1970-06-26',73,'437-424-9696'),('Hakim Chasmor','1965-03-26',74,'761-774-6198'),('Annaliese Merrydew','2010-09-24',75,'882-807-9058'),('Renato Patsall','1981-10-15',76,'459-144-3135'),('Gaby Petel','1972-07-01',77,'254-288-4849'),('Rani Ivashnyov','1999-04-27',78,'133-364-8479'),('Boothe Purchall','1994-10-06',79,'725-202-0442'),('Carroll Probbing','1999-07-24',80,'237-727-3828'),('Nadeen Setch','2005-12-06',81,'584-803-2634'),('Bernie Wingfield','1960-03-14',82,'134-715-5519'),('Tandy Dyche','1987-10-08',83,'111-188-0226'),('Tamar Findlater','2006-10-21',84,'210-777-0182'),('Huberto Cruft','2015-11-10',85,'582-391-7348'),('Emile Gellett','1989-09-27',86,'677-511-1640'),('Claybourne Plows','1997-02-27',87,'356-491-4515'),('Sig Griffin','2012-02-08',88,'948-462-9762'),('Shirline Crimp','1995-08-14',89,'468-234-6616'),('Remy Inchbald','1976-08-17',90,'191-545-5209'),('Lanny Birrane','1960-08-09',91,'112-129-2200'),('Bartholemy Challener','1973-11-25',92,'510-965-8659'),('Giraldo Cool','2005-03-03',93,'174-164-1343'),('Felike Cogle','1968-11-23',94,'516-242-1976'),('Maxine Calver','2002-09-21',95,'761-655-9769'),('Kirstyn Cawsy','1978-12-15',96,'644-918-4202'),('Currie Stowers','1999-09-28',97,'478-318-4675'),('Mozes Ohrtmann','1972-01-28',98,'448-350-2453'),('Hewett Thomen','1992-12-06',99,'780-983-9507'),('Sidonia Doag','1980-07-26',100,'163-728-3823'),('Angele Pawlata','1984-12-20',101,'258-592-2492'),('Bennett Barnson','2006-09-19',102,'262-423-8920'),('Blondelle Orwell','1997-08-17',103,'698-489-7203'),('Elijah Iaduccelli','2002-11-15',104,'894-851-3095'),('Loralyn Furzey','1997-11-18',105,'648-940-1632'),('Fabe Eagland','1993-06-11',106,'767-383-4966'),('Ninnette Howison','1966-06-05',107,'588-869-4686'),('Jamey Walter','1962-12-26',108,'179-795-8576'),('Briano Ibbison','1982-07-02',109,'826-701-2792'),('Berny Hellyar','2008-07-17',110,'900-424-4445'),('Rowan McGeachy','1975-02-12',111,'762-485-7422'),('Lazar aManger','1985-01-07',112,'227-647-6922'),('Yolande Acheson','1991-07-08',113,'921-368-0966'),('Milzie MacMickan','2000-04-29',114,'235-795-9246'),('Frederik Espinoza','1977-11-24',115,'301-536-9557'),('Rip MacCroary','2012-04-15',116,'600-549-6526'),('Laurene Brauns','1987-03-14',117,'374-530-0061'),('Domenic Govett','1980-04-30',118,'162-975-8331'),('Tildie Garci','2013-10-04',119,'858-652-9706'),('Gabie Dedrick','1974-05-11',120,'493-332-4848'),('Ulick Strattan','1989-11-06',121,'858-846-1188'),('Clemmie Hungerford','1996-06-25',122,'407-839-2413'),('Donnamarie Buckbee','1998-06-02',123,'492-741-9628'),('Sapphira Diaper','1972-06-22',124,'415-286-5306'),('Elton Gomar','2013-06-05',125,'684-872-4464'),('Deny Coorington','1967-07-28',126,'784-849-4403'),('Chanda Puttnam','1972-12-28',127,'500-882-2866'),('Isaac Naden','1961-01-19',128,'676-460-3925'),('Tomasine Mansford','1982-09-05',129,'254-540-6472'),('Haroun Darey','2010-08-06',130,'753-365-6451'),('Niall Thews','1963-08-08',131,'660-149-6867'),('Lezley Measures','1972-01-23',132,'893-865-1713'),('Vernor Winchcombe','1980-10-07',133,'788-196-5827'),('Kennie Goldsack','1983-03-24',134,'879-819-9068'),('Quintin Doumer','1995-01-28',135,'151-319-4522'),('Marsha Taveriner','2003-06-18',136,'363-178-8568'),('Ollie Zuan','2010-11-30',137,'510-739-0749'),('Burk Andrich','1979-02-22',138,'285-407-4158'),('Sherie Reisen','1999-05-29',139,'314-634-1284'),('Dedra Shippam','1975-08-08',140,'876-663-6924'),('Perl Leed','1984-05-24',141,'760-933-3892'),('Kordula Urvoy','1964-02-11',142,'509-438-6671'),('Ardra Heigho','1971-09-20',143,'911-587-3582'),('Fowler Wollen','2007-07-02',144,'242-606-6693'),('Trescha Jeyes','1969-04-01',145,'895-302-2687'),('Tiffany Wolsey','2008-09-04',146,'663-196-7287'),('Noble McKeighan','1980-09-24',147,'162-250-1621'),('Chrisse Laurenzi','2013-11-24',148,'575-412-0551'),('Siouxie Upston','1989-11-27',149,'689-575-7837'),('Tova Livsey','2002-06-07',150,'988-750-6931'),('Alta Brydone','2000-04-24',151,'520-599-9438'),('Lovell De Andreis','2013-11-06',152,'283-421-5640'),('Ottilie Seiler','1968-01-08',153,'111-223-7677'),('Julita Rowlstone','1972-11-20',154,'559-303-0831'),('Kearney Warton','1988-10-28',155,'101-771-4545'),('Basilius Brafield','1979-02-17',156,'270-863-7284'),('Gerhard Jahnke','1989-09-09',157,'465-528-7437'),('Zedekiah Gherardi','1995-06-27',158,'248-682-0212'),('Mallory Culbert','1968-09-22',159,'685-939-8562'),('Leoine Pettett','1976-01-07',160,'871-725-5281'),('Hedwig McKeurtan','2015-07-28',161,'597-819-8234'),('Ketty Peakman','2013-11-26',162,'976-717-6222'),('Annmarie McAllan','2005-05-05',163,'586-770-2262'),('Daphene Medcalf','1986-02-06',164,'322-297-5955'),('Marilee Salzberger','1971-03-21',165,'491-258-8746'),('Cecil Pach','1982-02-08',166,'919-907-5701'),('Ruttger Fossett','1999-04-25',167,'465-831-4948'),('Jean Gilbert','1972-05-20',168,'900-296-6284'),('Benedetto Rosenwald','1965-10-21',169,'531-601-1179'),('Benjie Crichmer','1967-12-05',170,'704-185-8311'),('Denys Taffe','1982-08-29',171,'151-737-2280'),('Alwyn Jacombs','2007-09-13',172,'480-706-3862'),('Adiana Fleetwood','1996-12-09',173,'753-196-7127'),('Aldo Bruin','1981-04-16',174,'252-233-8206'),('Shea Bayne','1975-09-08',175,'817-885-2998'),('Aubree Alonso','1962-09-28',176,'916-359-1117'),('Becky Dowzell','2010-07-22',177,'364-629-1189'),('Ethelin Woolfenden','1962-07-26',178,'793-273-7962'),('Layla Whetson','1970-01-09',179,'673-612-6506'),('Keri Hick','1978-07-15',180,'283-295-0058'),('Cloe Doumerc','1985-04-18',181,'749-111-1489'),('Glory Wayne','2003-07-15',182,'463-714-0615'),('Decca Dugget','2005-07-01',183,'549-893-9639'),('Ferguson Langstrath','1974-04-22',184,'908-853-1757'),('Erma Sibille','2012-12-25',185,'383-706-8584'),('Tadio Turneux','1997-03-05',186,'553-228-5268'),('Rubie Doggett','1968-03-14',187,'805-466-4326'),('Tiphani Midgely','1961-09-06',188,'485-693-7201'),('Amie Ladlow','1973-06-05',189,'629-929-6256'),('Ange Purchon','2009-09-19',190,'507-657-2280'),('Eleni Ghidelli','2011-03-03',191,'579-318-5343'),('Wilow Mellenby','1971-01-25',192,'198-803-0013'),('Gwyneth Cantera','1973-03-11',193,'761-435-1979'),('Carena Norquay','1976-11-11',194,'847-184-3742'),('Marni Cawte','1966-11-12',195,'642-439-2692'),('Faulkner Caroline','1985-04-28',196,'706-947-5205'),('Demeter Allridge','1983-11-16',197,'818-149-1392'),('Rania Grundy','2014-05-03',198,'358-429-7286'),('Florida Gusney','1973-02-22',199,'136-507-9346'),('Paige Leisman','1959-09-07',200,'559-346-4170'),('Domingo Ivashkov','1995-05-31',201,'959-999-6469'),('Mortie Daburn','1997-02-09',202,'752-708-3730'),('Callean Rylatt','2014-02-23',203,'260-257-9407'),('Laurie Bellini','2008-04-23',204,'853-620-7481'),('Robbi Abramow','1974-09-25',205,'732-277-2107'),('Horatio Fortey','1974-11-11',206,'523-340-5923'),('Kimmy Goudman','1971-06-13',207,'212-706-0519'),('Emerson Aleshintsev','1986-10-20',208,'479-625-7850'),('Enrico Josowitz','1987-04-20',209,'634-789-2949'),('Mag de Juares','1974-09-04',210,'517-445-6215'),('Nita Rogister','2015-06-01',211,'533-478-4257'),('Nyssa Klich','1967-05-11',212,'168-628-6441'),('Grant Rapelli','1981-04-12',213,'613-509-8722'),('Jesus Phear','2012-10-30',214,'788-693-2944'),('Trenton Jewis','1983-11-15',215,'790-119-1702'),('Cheslie Juris','1971-06-17',216,'343-761-1449'),('Charissa Bricklebank','1979-09-08',217,'466-789-0222'),('Deanna d\' Elboux','1990-08-18',218,'665-203-0438'),('Ulric Crummie','1990-08-06',219,'144-611-4787'),('Damon Windows','1980-09-03',220,'429-176-3657'),('Lettie Pafford','1976-11-01',221,'970-133-8546'),('Bobby Brumby','2002-11-06',222,'733-438-5547'),('Elana Greenhalgh','1988-08-27',223,'922-888-0010'),('Katherine Romanini','1970-09-04',224,'860-852-2388'),('Helaina Albasiny','1980-03-05',225,'175-608-1092'),('Clarie Giacobbo','2010-01-25',226,'897-609-3329'),('Kyla Matschek','1988-08-08',227,'869-404-4886'),('Chad Hiorn','2002-02-05',228,'901-829-4261'),('Kristy Capineer','1982-11-28',229,'576-320-1434'),('Loy Christian','2004-07-23',230,'400-429-2555'),('Ethelyn Langcastle','1984-01-01',231,'338-118-7855'),('Tallulah Vynall','1971-11-08',232,'468-140-9307'),('Ryann Le Page','1967-05-15',233,'311-788-1998'),('Theobald Hambrook','1972-03-26',234,'832-438-1308'),('Thacher Larkin','1972-08-11',235,'968-304-4685'),('Fax Jordan','2012-03-03',236,'526-584-8605'),('Deni Towson','1999-11-30',237,'859-160-2047'),('Courtnay Josiah','2013-07-28',238,'245-257-0236'),('Maryjane Janczewski','1983-01-15',239,'769-686-4515'),('Bondon Guice','2008-03-26',240,'173-875-1092'),('Goddard Radbourn','1983-05-03',241,'603-745-3774'),('Culley Breston','1989-03-28',242,'602-154-5420'),('Renell Baccas','1998-06-20',243,'404-268-4597'),('Molli Collcott','1992-05-18',244,'135-634-4098'),('Flinn Posvner','1982-10-03',245,'806-695-9501'),('Clayton Machent','1992-05-19',246,'254-125-2919'),('Jeanette Ingry','1980-12-21',247,'509-619-8147'),('Chiquia Piggen','1995-07-17',248,'306-581-6888'),('Amandi Lerego','1999-10-21',249,'542-621-2291'),('Augustina Illingsworth','1986-01-01',250,'747-160-6676'),('Becky Langhor','1973-04-14',251,'306-516-2790'),('Filip Bowich','2005-05-29',252,'411-219-4737'),('Tore Hambribe','1972-01-20',253,'573-371-2633'),('Luce Burgot','2003-04-23',254,'454-556-0678'),('Sam Woolatt','1983-03-02',255,'612-767-0144'),('Vickie Dunsmuir','1974-10-09',256,'483-715-9809'),('Callie Domenicone','1970-10-30',257,'941-361-9238'),('Cassy Whenman','2004-11-16',258,'737-379-0796'),('Karol Hansell','2005-11-08',259,'765-862-9945'),('Merrilee Placstone','1987-03-16',260,'616-801-9705'),('Arney Gillow','1975-11-20',261,'972-590-9968'),('Alasteir Pautard','1969-02-02',262,'238-432-8350'),('Nollie Ginman','2014-04-20',263,'332-874-4585'),('Rodger Viall','1993-11-12',264,'917-158-3776'),('Inigo Natalie','2015-01-28',265,'367-230-7215'),('Lucy Chedgey','1995-12-25',266,'742-523-8262'),('Coral Rossi','2001-02-10',267,'467-841-4097'),('Eddy Spaldin','1988-11-06',268,'804-120-7233'),('Verina Messom','2004-11-25',269,'549-361-4337'),('Eva Parmley','2006-08-14',270,'171-923-0445'),('Miles Mosdill','1969-10-06',271,'209-311-4363'),('Vinnie Emmot','1992-06-28',272,'527-918-0978'),('Jacintha Martina','1990-05-18',273,'423-729-8379'),('Kitti Hause','2000-06-28',274,'842-210-7337'),('Vlad Renachowski','1982-02-04',275,'574-649-6529'),('Jarib Gierke','1983-08-29',276,'635-213-9653'),('Twila Deplacido','2010-06-25',277,'554-902-9507'),('Fremont Ashplant','2010-10-09',278,'512-454-1866'),('Henrieta Hamm','1995-02-21',279,'337-334-4429'),('Loralyn Everiss','1981-03-09',280,'190-838-5938'),('Gwynne Mumm','1974-01-12',281,'285-504-6767'),('Hunfredo Lock','1985-11-27',282,'618-163-5242'),('Buddie Pimley','2009-04-12',283,'293-836-9583'),('Gilbertina Repp','2015-04-28',284,'761-421-6470'),('Trista Felmingham','1976-03-22',285,'329-788-4920'),('Quent de Savery','1974-09-06',286,'943-686-6485'),('Abba Cranch','2006-09-26',287,'935-874-9197'),('Casie Pobjoy','1971-11-16',288,'174-831-1931'),('Rubia Hardman','2001-06-28',289,'328-735-2899'),('Germain Joannidi','1987-10-02',290,'713-451-4822'),('Court Edrich','1977-10-07',291,'883-774-7709'),('Cliff Pontefract','1968-02-19',292,'335-534-1357'),('Morissa Pithcock','1995-09-27',293,'434-970-4110'),('Lizbeth Simpkin','2009-06-10',294,'975-191-5638'),('Linnet Gillyett','1981-10-27',295,'732-106-8485'),('Bing Rowsell','1978-08-27',296,'585-896-4991'),('Read Smythin','1983-01-25',297,'361-458-0047'),('Mellisent Vooght','1980-12-25',298,'153-860-3646'),('Marjorie Liddy','1970-01-09',299,'514-761-1435'),('Lyda Sushams','1993-03-09',300,'913-936-5621'),('Conant Jerromes','2002-05-15',301,'559-466-4105'),('Minerva Checo','2014-08-10',302,'810-440-8418'),('Consolata Walrond','2003-03-26',303,'223-737-9134'),('Angie Kendrew','1994-06-27',304,'748-345-9134'),('Fabian Zanelli','1976-03-30',305,'717-182-8242'),('Ulrick Alkin','1969-11-04',306,'333-300-9682'),('Julianne Kirsop','2008-05-30',307,'209-247-9794'),('Jsandye Leupoldt','1993-03-30',308,'492-134-4526'),('Blanche Monan','1991-10-18',309,'788-959-7577'),('Pace Vallance','1996-01-16',310,'613-377-5156'),('Katuscha Cawdron','1993-03-26',311,'750-884-7655'),('Kaleena Shakelade','1979-12-20',312,'562-405-3477'),('Lorelle Dugget','1972-12-03',313,'998-603-0181'),('Paulie Brokenbrow','1972-09-04',314,'197-474-3800'),('Dur Manilow','2000-06-24',315,'974-111-8578'),('Kanya Skunes','1987-04-19',316,'850-133-9212'),('Ingar Bamsey','1978-04-21',317,'856-248-8153'),('Clair Bedinham','1986-08-10',318,'171-451-9150'),('Husain Leech','1967-03-01',319,'663-396-1922'),('Jeannette Boller','1974-03-27',320,'285-268-2722'),('Car Spincks','2007-08-21',321,'918-589-0840'),('Wendall Screase','1975-03-26',322,'980-955-1202'),('Adam Chilley','1969-09-04',323,'517-251-9460'),('Nessie Canaan','1988-10-14',324,'673-150-7147'),('Hyatt Dewsbury','2013-02-21',325,'101-313-0721'),('Lanna Purver','1970-05-30',326,'534-305-5396'),('Che Skelington','1965-11-07',327,'858-631-9331'),('Lemar Videneev','2004-08-23',328,'954-127-3273'),('Chelsae Rhelton','1992-04-28',329,'883-448-5866'),('Greta Haliburton','1966-08-02',330,'706-610-4083'),('Guthry Surpliss','1971-09-23',331,'379-123-9448'),('Veronique McLoney','1971-02-19',332,'112-662-3163'),('Babita Windaybank','1964-04-24',333,'619-141-9811'),('Huey Craddy','1999-01-29',334,'269-978-1297'),('Biron Gillanders','2004-05-18',335,'570-508-6021'),('Marrissa Plett','1980-04-15',336,'333-610-8726'),('Brade Habden','1988-05-01',337,'546-800-4807'),('Otha Trass','2013-05-18',338,'227-425-8216'),('Malissa Rennolds','1981-01-24',339,'748-610-3439'),('Errick Huncoot','2013-10-09',340,'525-717-0097'),('Carolan Bucktrout','1993-11-24',341,'862-400-0771'),('Niki Croome','2008-04-23',342,'118-285-9419'),('Rudolfo Andrioni','1997-03-25',343,'743-758-1096'),('Janessa Fenck','2001-05-29',344,'261-152-5427'),('Herta Bewsy','1970-02-27',345,'792-940-6566'),('Ryann Whimp','1994-09-01',346,'145-893-9296'),('Reidar Reside','1993-12-28',347,'903-463-5110'),('Urbain Westhofer','1991-02-01',348,'192-537-3797'),('Hatti Rowcastle','2007-06-25',349,'845-776-6919'),('Odele Gooderson','1991-01-27',350,'121-392-5925'),('Mindy Tourle','1985-12-15',351,'818-218-3737'),('Carlie Christofor','2003-03-17',352,'502-804-1178'),('Franni Goodlud','1964-06-27',353,'802-159-8845'),('Marianne Wintour','1967-12-31',354,'604-800-6257'),('Daryn Driffield','1972-05-02',355,'485-856-9613'),('Johnathon Quince','2014-04-28',356,'761-757-7079'),('Jaine Bolsteridge','2008-12-17',357,'612-453-0179'),('Venus Divisek','2010-06-19',358,'647-215-9445'),('Nikolaos Glaze','2013-10-06',359,'222-856-3838'),('Bessie Spondley','2011-07-04',360,'125-380-2874'),('Gabrielle Witham','2008-05-06',361,'253-397-9941'),('Kelvin Fortnum','1964-03-28',362,'256-622-8213'),('Julissa Horsey','1996-06-25',363,'167-149-3050'),('Lutero Adcock','1977-12-30',364,'145-232-5911'),('Huntington Grigorushkin','1972-03-10',365,'696-645-8555'),('Kristo Roots','2006-05-14',366,'796-447-1636'),('Anatol Webb','2004-06-07',367,'243-794-3509'),('Gertruda Croasdale','2012-10-31',368,'869-839-8405'),('Marlow Cadd','2001-04-12',369,'975-383-4514'),('Mae Scrivin','2005-12-28',370,'764-481-6832'),('Jesselyn Blaydes','1976-03-21',371,'779-521-1407'),('Alleen Guterson','1972-07-07',372,'401-148-0504'),('Dene Betancourt','1980-05-17',373,'495-188-0602'),('Kelila Bruton','1984-01-27',374,'355-243-7425'),('Freddie Mattys','2003-08-17',375,'939-937-4537'),('Winfield Wrigley','1977-08-03',376,'935-640-4785'),('Janean Corton','1975-01-20',377,'611-960-6403'),('Constantia Haskur','1981-09-19',378,'659-923-8739'),('Cody Ravenshaw','2015-12-30',379,'878-354-9878'),('Sonnie Shrawley','2006-12-31',380,'208-968-1576'),('Kayla Droghan','1973-09-14',381,'779-977-8302'),('Herbert Pidler','2002-06-15',382,'655-477-9984'),('Annabal Hasslocher','2003-01-22',383,'350-995-8228'),('Cristabel Ruberti','1976-06-17',384,'863-501-5562'),('Cristina Clowney','1990-02-19',385,'358-678-7213'),('Glendon Nardoni','1999-11-17',386,'638-636-1112'),('Allen Neylan','1966-06-21',387,'476-864-9318'),('Adey Georgelin','1974-05-03',388,'345-143-7683'),('Mechelle Hiscoe','1999-04-26',389,'944-784-3269'),('Jacob Forkan','1993-07-22',390,'139-908-1041'),('Clayton Bayston','2006-05-03',391,'517-237-6967'),('Helenelizabeth Frodsam','2011-10-08',392,'456-342-8821'),('Lenard Naughton','2015-05-29',393,'584-434-7974'),('Katleen MacCambridge','2007-01-31',394,'263-308-3492'),('Fredrika Crank','1981-04-05',395,'430-740-2459'),('Alexandros Pill','1970-08-05',396,'154-448-4742'),('Lolly Lum','1987-09-03',397,'972-175-8013'),('Lay Rickson','1982-03-05',398,'332-870-2394'),('Tobit Espadas','1993-08-03',399,'808-485-8659'),('Paulie Gobeau','2007-11-22',400,'505-613-6673'),('Dannie Filippyev','2015-03-09',401,'308-604-2426'),('Rudolf Shalliker','2012-04-29',402,'855-389-0176'),('Freddy Wymer','1975-03-30',403,'459-283-2272'),('Jacky Heater','2015-12-24',404,'571-811-2572'),('Gilemette Dienes','1991-09-02',405,'917-203-9270'),('Maryrose Ceely','2003-09-29',406,'952-814-4306'),('Roy Lord','1982-04-29',407,'670-955-7505'),('Latashia Ilett','1973-03-06',408,'175-474-0242'),('Christiane Carlesi','1993-11-24',409,'825-889-1543'),('Dasie Lowre','2006-03-03',410,'671-207-7006'),('Jacquelyn Trudgion','2002-09-26',411,'560-568-4694'),('Romy Kempster','1971-04-18',412,'832-395-0025'),('Boycie Anfosso','1967-06-07',413,'385-667-8363'),('Viole North','1985-10-12',414,'496-379-7962'),('Jelene Riceards','1983-01-01',415,'158-321-4988'),('Michaelina Berrill','2011-06-21',416,'827-858-3055'),('Mellicent Twinbourne','1996-03-25',417,'694-790-4497'),('Dari Pighills','2012-04-16',418,'986-527-0459'),('Radcliffe Streeting','1987-10-20',419,'595-298-0628'),('Constantine Juszczyk','2006-09-10',420,'636-564-4897'),('Ferdinand Gabriely','1993-10-13',421,'527-736-2668'),('Leonanie Janosevic','2004-11-19',422,'262-938-2565'),('Gae Abbots','2001-12-02',423,'301-817-1861'),('Sofie Saynor','1995-02-17',424,'184-465-9798'),('Isadore Callister','2007-08-10',425,'640-892-1051'),('Starlin Duffree','2004-01-12',426,'664-198-8658'),('Emilie Bromet','2009-11-25',427,'242-850-6191'),('Dot Faraday','1995-06-24',428,'559-864-3225'),('Kamillah Caselli','1983-10-10',429,'888-957-6142'),('Parke Michiel','1996-05-02',430,'686-259-0858'),('Silvie Tomblett','1976-04-07',431,'798-534-7134'),('Caroljean Oxford','1996-05-05',432,'570-148-3822'),('Elana Emburey','2008-08-31',433,'351-437-9482'),('Sayres Lebourn','1999-03-16',434,'329-400-4590'),('Ginelle Husher','1990-01-25',435,'163-828-7544'),('Julian McEvay','1972-01-08',436,'507-179-4500'),('Ronica Spark','1979-05-07',437,'379-990-3247'),('Haroun Beazey','1976-12-16',438,'571-268-1481'),('Niko Borgnet','1985-11-21',439,'542-587-9550'),('Elmira Forrest','1978-10-17',440,'224-117-8127'),('Dana Flowers','1978-05-21',441,'581-173-2049'),('Arabele Jeffrey','1987-09-24',442,'147-875-1045'),('Kial Schwaiger','1999-08-08',443,'405-540-2214'),('Ced Tristram','2013-05-20',444,'264-685-3534'),('Joey Sylvaine','2005-09-05',445,'612-173-0562'),('Huntlee Kenealy','1981-06-29',446,'514-922-5302'),('Selie Reddihough','1990-12-14',447,'691-996-0259'),('Sheela Philippson','1980-02-22',448,'155-217-3957'),('Noble Brien','2008-11-29',449,'282-314-2006'),('Moyra Kincaid','1986-07-28',450,'278-944-0592'),('Helen-elizabeth Bielby','2013-10-27',451,'530-319-0150'),('Lona Brim','2006-12-21',452,'426-127-9551'),('Ingram Rawlins','2012-08-14',453,'147-574-6430'),('Alice Fish','1970-08-03',454,'129-818-2374'),('Verena Haughan','2010-09-10',455,'654-333-0744'),('Weston Stitch','1991-08-16',456,'621-722-8902'),('Abel Dignam','1977-08-02',457,'617-983-8482'),('Merilee Gay','1992-01-15',458,'493-659-7537'),('Brena Tutchener','1978-12-29',459,'127-875-7475'),('Pincas de\'-Ancy Willis','1971-08-22',460,'383-155-6308'),('Townie Ireland','1964-04-15',461,'852-824-4462'),('Darell Walkington','1990-01-11',462,'658-290-3632'),('Con Woollacott','1965-05-06',463,'194-545-8640'),('Esra Pasfield','1980-09-03',464,'503-762-6804'),('Pam Gleeson','1983-01-06',465,'632-582-4335'),('Hew Weildish','1980-02-01',466,'608-918-1899'),('Griff Perrone','1987-09-11',467,'659-300-1417'),('Laina Barkhouse','1993-07-21',468,'143-845-5802'),('Morie Binstead','1978-02-26',469,'440-434-0609'),('Faydra McElwee','1966-01-20',470,'974-831-4831'),('Miriam Covelle','2011-06-14',471,'848-397-3209'),('Eryn Sessions','1981-09-28',472,'382-305-7801'),('Blanca Sadgrove','1967-03-05',473,'908-525-0216'),('Adrianna Boat','1973-09-29',474,'854-651-6582'),('Eli Paschke','1966-09-11',475,'174-595-8334'),('Norbie Hinkes','2008-04-19',476,'492-398-9433'),('Starla Ferrant','1987-12-18',477,'273-719-9486'),('Melantha Karpychev','1979-11-26',478,'853-126-2589'),('Gaven Stribling','1973-07-17',479,'649-593-0581'),('Violetta Haggidon','1976-11-20',480,'260-292-7634'),('Galina McKimmey','1991-12-16',481,'729-257-7607'),('Barnett Pepall','2003-10-22',482,'720-516-1353'),('Byrle Boumphrey','1975-05-10',483,'913-449-9655'),('Burton Leadley','1968-01-08',484,'745-319-0555'),('Mirabelle Lorryman','2006-12-29',485,'337-419-7166'),('Neal Endrighi','1999-07-24',486,'188-831-3643'),('Alford Guillot','1967-04-01',487,'334-551-7836'),('Godwin Beneix','1982-12-22',488,'684-952-7452'),('Ferdy Durtnal','2003-09-28',489,'350-380-2110'),('Tisha Babst','2010-09-23',490,'888-185-7904'),('Brenna Vaillant','2004-09-18',491,'856-708-2385'),('Alexia Slate','1968-05-08',492,'604-477-3401'),('Currey Sharma','1978-02-23',493,'748-766-4123'),('Federico Duddle','1977-10-27',494,'410-274-5486'),('Jenn Raggitt','2000-02-11',495,'248-676-4846'),('Marj Bulfoot','2012-09-20',496,'364-902-6701'),('Davin Endacott','1971-12-27',497,'380-255-7640'),('Duane Timperley','1985-06-07',498,'159-672-7364'),('Carmita MacCrackan','1966-07-29',499,'610-540-8222'),('Syman Behn','1985-10-13',500,'371-228-4265'),('Ashlie Caddies','1992-09-02',501,'601-815-1661'),('Graham Smurthwaite','1988-10-13',502,'816-798-8977'),('Latashia Frisby','1964-02-23',503,'774-743-4142'),('Nicole Sullly','2003-03-25',504,'423-244-9214'),('Corbet Bantham','2000-07-22',505,'888-465-3312'),('Rozina Oakhill','1985-10-25',506,'873-673-4965'),('Moyra Wallington','1997-10-07',507,'846-996-4477'),('Mickey Rutherforth','1977-06-12',508,'805-514-1812'),('Ellette MacPike','1968-09-15',509,'923-470-4112'),('Ruddie Speenden','2013-10-26',510,'149-342-1548'),('Emalee Funcheon','1997-10-27',511,'421-966-4933'),('Pancho Tappin','1965-06-21',512,'509-172-4365'),('Christian Pentycross','1965-01-11',513,'636-648-7795'),('Jacques Pernell','2013-03-19',514,'863-217-6114'),('Katalin Hrynczyk','2005-04-21',515,'349-267-5511'),('Cherise Hambright','1981-05-09',516,'946-170-5002'),('Rebbecca Brew','1980-12-29',517,'314-612-9923'),('Emelia Freeberne','1990-11-17',518,'623-504-5857'),('Konstanze Chiverton','1964-01-18',519,'580-629-5738'),('Annabel Hansell','1975-02-27',520,'313-876-0713'),('Ashbey Belward','1978-06-08',521,'304-204-8082'),('Deva MacNab','1999-11-20',522,'647-503-2928'),('Charlie MacSharry','1968-03-09',523,'904-270-5778'),('Iona Cutmare','1993-01-20',524,'681-389-8646'),('Shannan Mardy','2007-10-24',525,'785-325-0740'),('Arch Larimer','2004-01-03',526,'414-362-3013'),('Niki Conybear','1982-04-29',527,'809-430-4790'),('Reggis Botley','1969-12-07',528,'435-382-1074'),('Herman Lindermann','1968-12-04',529,'271-874-4192'),('Moss Senecaux','2014-01-09',530,'634-609-0865'),('Rudyard Severns','2001-02-03',531,'712-174-2312'),('Nanette Swyn','1992-06-09',532,'278-897-7353'),('Silvano Jowers','1988-10-16',533,'758-640-1702'),('Rozanne Landeg','1968-03-09',534,'103-250-5692'),('Rhodie Gierardi','1995-07-14',535,'228-289-2367'),('Ag Hellikes','2008-12-12',536,'588-791-2857'),('Bea Saket','1978-05-05',537,'520-533-7084'),('Monro Treanor','2002-03-19',538,'933-358-4964'),('Nehemiah Cheine','1973-09-04',539,'989-781-6105'),('Alden Rosensaft','1999-07-19',540,'845-790-3542'),('Winona Cinelli','1972-09-13',541,'544-118-5383'),('Florrie Halms','2009-02-23',542,'490-324-6772'),('Libby Kennifick','1976-10-22',543,'561-769-2864'),('Dorita Boncoeur','1977-12-28',544,'482-509-1940'),('Mignonne Rallings','1974-04-16',545,'308-466-7769'),('Guillemette Scripps','1976-07-02',546,'363-552-9014'),('Berget Ragge','2000-03-08',547,'216-970-0860'),('Chrisy Barkworth','1975-12-13',548,'651-950-3247'),('Hardy Durrell','1997-03-06',549,'916-429-8528'),('Laural Siderfin','2010-06-21',550,'644-296-4188'),('Dulcie Oak','1985-10-15',551,'522-407-4804'),('Dorthy O\'Loughlin','1978-01-20',552,'288-657-8363'),('Welch O\' Flaherty','1974-12-01',553,'950-299-2591'),('Anthiathia Pes','1964-01-11',554,'806-859-9179'),('John Longea','1988-10-23',555,'715-803-1176'),('Maynard Okroy','1983-11-27',556,'199-381-3105'),('Melanie McFaul','1990-03-14',557,'779-415-8838'),('Wren Sprackling','1978-09-06',558,'352-564-5596'),('Jeannine Hayth','1977-11-02',559,'608-660-3518'),('Kirby Kinghorne','1989-01-22',560,'329-246-6580'),('Justinian Cleyburn','1995-10-17',561,'512-923-9685'),('Laureen Dunton','1989-01-14',562,'376-366-5636'),('Camille Whetton','1972-12-01',563,'626-369-0306'),('Roseann Keenor','1998-09-07',564,'240-927-6034'),('Anita Syson','2011-06-26',565,'908-909-9436'),('Josias Jendas','2002-11-26',566,'442-146-6913'),('Thain Tapp','1998-05-16',567,'794-209-0904'),('Binnie Balch','2008-08-08',568,'365-707-9420'),('Amabel McIlwrath','1979-08-18',569,'977-446-4846'),('Erich Graddell','1976-04-19',570,'556-247-3709'),('Jodi Wittier','1992-06-18',571,'597-471-8962'),('Ealasaid Brimilcome','1990-10-13',572,'263-948-5975'),('Zebadiah Cousen','2006-08-14',573,'614-582-0303'),('Perrine O\'Bruen','2010-06-18',574,'130-139-4931'),('Andromache Hebburn','1979-07-29',575,'698-576-1494'),('Tremaine Sheach','2002-11-27',576,'834-818-7181'),('Collie Creasey','2002-01-23',577,'181-294-8329'),('Esme Fitzsimon','2014-12-16',578,'485-623-0433'),('Loreen Nice','1995-05-27',579,'841-381-9878'),('Jenny Hurst','1988-01-29',580,'315-751-6947'),('Myrna Wooldridge','1992-06-21',581,'553-246-5211'),('Hardy Puddan','1981-09-08',582,'934-927-9910'),('Nestor Giotto','1994-01-21',583,'934-652-2844'),('Ray Jouning','2000-04-19',584,'660-571-5902'),('Gwendolin Paik','1976-02-05',585,'528-569-1474'),('Cynde Langshaw','1971-03-28',586,'828-519-4897'),('Harp Donhardt','1984-04-14',587,'638-790-7095'),('Land Tomasoni','1975-05-12',588,'674-225-0479'),('Moshe Pritty','1974-12-22',589,'330-386-6668'),('Mindy Van T\'Hoog','1974-12-19',590,'687-394-9699'),('Konstantin Titchmarsh','1975-10-29',591,'245-951-7685'),('Marje Mundie','1989-09-28',592,'168-879-6062'),('Zia Cromblehome','1966-08-07',593,'408-381-5050'),('Douglass Merner','1971-02-26',594,'636-972-9475'),('Granny McCrostie','1993-08-21',595,'631-428-3542'),('Trixy McCaskill','1993-10-13',596,'523-553-2595'),('Prisca Ballance','1976-09-21',597,'730-662-3752'),('Christian Enric','1977-10-23',598,'102-439-1495'),('Lillian Flynn','1977-10-10',599,'228-664-2939'),('Doroteya Wraggs','1969-04-13',600,'891-808-9721'),('Regina Gilliver','1978-06-11',601,'942-153-1992'),('Dniren Sanbrooke','2001-11-22',602,'440-627-4730'),('Karylin Greggor','1978-06-10',603,'215-395-3708'),('Tobie Kielty','1982-07-01',604,'649-835-9451'),('Pieter Albion','1992-03-24',605,'353-422-4601'),('Chilton Merrigans','1990-12-06',606,'160-282-2863'),('Phyllida Matissoff','2008-05-27',607,'596-206-6216'),('Fulton Jordan','2015-10-09',608,'948-249-5336'),('Rodi Glitherow','2010-04-19',609,'739-927-7472'),('Louise Chatband','1992-01-05',610,'950-906-0055'),('Eric Cellier','2008-10-17',611,'951-632-4494'),('Elroy Proctor','1997-06-10',612,'912-292-8896'),('Alfonse Hazeman','2001-03-18',613,'123-400-7011'),('Valry Salters','2014-10-08',614,'919-776-0427'),('Llywellyn Bartunek','2011-10-21',615,'251-592-6078'),('Modesta Niece','2002-12-22',616,'619-242-5404'),('Collete Wallbutton','1971-07-17',617,'825-756-8590'),('Adler Pellew','2014-12-28',618,'319-953-5907'),('Lancelot Staries','1972-09-18',619,'504-208-0365'),('Bekki Mallabone','1974-08-16',620,'722-757-3662'),('Suellen Jakubiak','2009-06-24',621,'389-978-0889'),('Karlene Fearenside','2002-12-10',622,'520-579-3214'),('Melesa McGurk','2015-11-01',623,'595-387-0804'),('Gar Petersen','1967-01-26',624,'525-796-0614'),('Bartlett Trewhela','1964-01-31',625,'687-393-4368'),('Claire Rozalski','2007-04-07',626,'695-911-3066'),('Parrnell Flaunders','1979-11-09',627,'645-358-3939'),('Jamie Irons','1991-09-20',628,'434-870-0374'),('Daniele Lettice','2003-05-29',629,'705-628-7736'),('Umeko Hastin','2004-11-15',630,'513-114-0963'),('August De Giorgio','1998-05-19',631,'737-478-7642'),('Hubie Kidwell','1986-03-16',632,'193-225-3261'),('Domini Tabram','2010-07-15',633,'675-761-7802'),('Daniele Aleixo','1982-08-10',634,'686-589-5000'),('Laural Hinks','1991-04-05',635,'416-709-0600'),('Sydney Coombe','2004-06-22',636,'160-303-8106'),('Antonella Wellington','1980-09-18',637,'806-447-6317'),('Simon Bendik','1979-01-10',638,'743-520-3396'),('Kent Farlowe','1993-03-29',639,'446-922-5809'),('Bord McCandie','1988-04-21',640,'529-592-3931'),('Tremain Camerana','1965-07-15',641,'747-351-7655'),('Micah Gwyther','1978-09-09',642,'152-785-9087'),('Hansiain Skep','1965-12-17',643,'575-284-2695'),('Perl Dabourne','1985-08-30',644,'543-650-9840'),('Eachelle Bernocchi','1975-12-20',645,'188-331-5550'),('Glynis Kestell','1983-08-07',646,'640-820-8647'),('Purcell Alenichicov','1988-08-12',647,'984-865-6684'),('Jenica Keighly','1999-03-06',648,'745-417-7426'),('Abby Wharton','2005-02-24',649,'595-221-8663'),('Jillene Cellier','1985-09-29',650,'778-413-1377'),('Pam Abeles','2015-12-09',651,'653-462-0003'),('Jo Broxup','1987-06-11',652,'973-916-7658'),('Carolynn McMurty','1968-01-24',653,'971-667-1537'),('Alfi Hamer','1978-12-09',654,'132-929-5604'),('Arlyne Redwin','1983-04-17',655,'840-479-6701'),('Casi Tebbett','1974-09-30',656,'498-209-2135'),('Kingsley Johl','1966-04-10',657,'686-217-7085'),('Edee Elkin','1981-11-28',658,'647-498-7567'),('Pincus McMennum','1988-05-16',659,'639-448-6782'),('Jaquith Linkin','1965-05-23',660,'137-595-5512'),('Katerina Yong','2011-10-26',661,'762-404-0085'),('Tomaso Conws','1998-07-30',662,'889-543-4831'),('Ursala Manshaw','1996-10-21',663,'586-266-8639'),('Clayton Thynne','1971-09-02',664,'195-214-6132'),('Caria Every','1982-10-25',665,'231-228-7342'),('Paulie Mulhill','1983-01-03',666,'307-907-2785'),('Orin Elsmore','1965-11-13',667,'185-944-7030'),('Olivier Marrison','2008-04-19',668,'585-149-1339'),('Sallyanne Exley','1983-08-26',669,'574-382-9169'),('Sioux Mucklow','1984-08-26',670,'167-901-3148'),('Mose McDonagh','1997-10-19',671,'575-547-9836'),('Jodie Stokes','1968-03-21',672,'248-471-4853'),('Paola Guice','1978-04-08',673,'495-723-5131'),('Eugen Longland','1988-07-06',674,'563-357-2378'),('Malissia Jex','1994-03-04',675,'236-544-2507'),('Fredi Dawton','1988-03-03',676,'254-539-8996'),('Lorilyn Rosborough','1972-01-30',677,'960-833-3323'),('Fulton Jendrassik','1998-06-28',678,'507-353-9602'),('Dulce Harnes','2008-10-31',679,'764-648-1650'),('Corny Stammer','1980-12-06',680,'722-545-6217'),('Katherine Camous','1980-01-16',681,'809-860-7270'),('Spike Kitchenham','1971-03-28',682,'202-251-4074'),('Dorice Britcher','2009-04-16',683,'138-190-4801'),('Conney Pavyer','1997-06-14',684,'690-671-3633'),('Tammara Hatto','1998-03-26',685,'174-896-1388'),('Norry Braddock','1984-02-18',686,'850-320-2739'),('Levon Tunnicliff','1987-08-29',687,'516-854-6642'),('Skip Oxborrow','2009-05-19',688,'236-831-0769'),('Rog Casiero','1970-08-14',689,'313-242-1967'),('Jaime Maryman','1999-11-29',690,'916-333-9320'),('Angela Toomey','1982-01-10',691,'434-660-0759'),('Emylee Halwood','2008-11-16',692,'471-500-9501'),('Kaycee Readshall','2003-08-29',693,'143-592-8390'),('Dunstan MacArte','1976-12-07',694,'173-262-5941'),('Raeann Pegg','1994-10-14',695,'489-729-7003'),('Reidar Maharry','2000-07-20',696,'291-706-1245'),('Janek Follacaro','2008-03-17',697,'519-588-4676'),('Jermain Galbreath','1990-03-01',698,'506-454-2510'),('Melita Wythe','1989-07-04',699,'214-307-5985'),('Allene Byrne','1970-10-15',700,'226-703-2353'),('Rogerio Roggieri','1996-03-14',701,'281-835-3352'),('Terrell Hegge','2013-08-12',702,'544-649-4930'),('Baldwin Matushevich','1994-03-14',703,'192-975-6392'),('Meara Peert','2002-08-27',704,'896-560-6690'),('Andee Durston','2008-09-03',705,'951-636-0775'),('Dolf Flux','1999-12-19',706,'649-756-3661'),('Kristos Fabler','1999-05-22',707,'544-615-1591'),('Duncan Eudall','2003-02-07',708,'680-642-7764'),('Honor Breed','1986-08-15',709,'191-913-9683'),('Rosie McKenny','1985-08-02',710,'508-974-4187'),('Derril Seneschal','1980-02-25',711,'530-612-9262'),('Malynda Menichi','2009-08-26',712,'403-465-5355'),('Rusty Olsen','2012-05-15',713,'807-657-5942'),('Benita Shutt','1995-02-03',714,'796-624-7329'),('Lonnard Andraud','2001-08-12',715,'865-145-5199'),('Auguste Kaas','2002-03-27',716,'710-544-0541'),('Eugene Sherebrook','1980-10-17',717,'148-444-8705'),('Evelyn Newns','1968-11-04',718,'643-635-0080'),('Ettie Chaplin','2009-09-27',719,'921-508-3766'),('Kenna Jahns','1972-07-07',720,'963-301-3541'),('Emily Oneile','1997-06-18',721,'239-643-4534'),('Jackson O\'Cuddie','1967-12-03',722,'704-863-6601'),('Chilton Standish','1967-07-28',723,'195-208-8979'),('Ranique Dutnell','1986-02-24',724,'611-834-2015'),('Derwin Morden','2008-08-18',725,'206-229-4591'),('Demetria Gerlts','1969-03-08',726,'382-304-4202'),('Tobey O Mullen','1973-12-22',727,'582-396-7253'),('Kassie Anthonsen','2013-06-17',728,'210-356-8929'),('Izaak Pincott','2002-11-23',729,'278-489-2033'),('Burg Tousey','1971-11-29',730,'579-503-8144'),('Cletus Sange','2015-04-15',731,'870-301-8773'),('Ad Sawyer','1986-02-16',732,'170-591-2698'),('Betteanne Castillon','1994-07-08',733,'561-805-2370'),('Berkly Braidman','1972-10-12',734,'236-337-3500'),('Indira Arlidge','1986-07-27',735,'341-138-6038'),('Marve McQuarter','2007-10-23',736,'287-992-9752'),('Quill McLardie','1969-08-24',737,'743-422-3168'),('Laure Antal','1968-03-11',738,'273-411-5728'),('Lennie Reinbach','2012-01-19',739,'671-934-4506'),('Maria Axworthy','2004-08-14',740,'750-360-9859'),('Mella Inggall','1979-03-14',741,'672-637-6113'),('Adena Trusler','2002-08-28',742,'341-621-2134'),('Berkeley Zamorrano','1972-06-22',743,'196-104-5896'),('Wendy Marval','1975-09-11',744,'234-494-4021'),('Duke Murrthum','1973-06-16',745,'729-256-0205'),('Juditha Recke','1972-05-27',746,'661-896-8253'),('Frederich Robertazzi','1998-10-04',747,'756-386-8519'),('Raviv Rainsden','2001-04-07',748,'542-483-3750'),('Katerine Dannehl','2002-03-22',749,'608-724-8985'),('Rosalia Potkins','1992-05-12',750,'459-643-1769'),('Cyndie Hasely','1986-06-01',751,'708-405-2406'),('Cacilia Caccavella','2012-08-03',752,'880-824-5750'),('Leonerd Marshland','1977-01-05',753,'524-373-0339'),('Ara Olyonov','1982-09-18',754,'324-836-9443'),('Nevins Lovewell','1967-07-05',755,'805-850-6541'),('Dominga Farnham','1986-09-24',756,'704-233-5305'),('Gar Tindley','1972-12-05',757,'949-889-9448'),('Rhiamon Pantlin','1971-10-22',758,'447-774-4205'),('Shelly Cristoforo','1982-05-18',759,'277-302-6327'),('Rayner Sandell','2013-05-13',760,'880-126-4756'),('Forbes Tippin','1972-10-18',761,'617-327-9917'),('Beverie Conochie','1987-05-12',762,'617-192-5855'),('Erwin Hould','1973-12-06',763,'374-595-9410'),('Waylin McCafferty','2014-02-01',764,'820-185-9084'),('Annnora Huban','1984-08-10',765,'249-552-8407'),('Barny Penk','1973-02-05',766,'262-850-4636'),('Stanford Hechlin','2013-05-12',767,'882-636-9293'),('Jennee Gartin','1968-07-03',768,'784-904-3321'),('Robbie Catton','2003-02-13',769,'496-804-0940'),('Elset D\'orsay','1996-07-06',770,'734-684-7187'),('Joelle Brandi','1999-11-17',771,'480-309-6114'),('Ammamaria Twining','1995-11-17',772,'255-480-7445'),('Bord Legier','1974-04-22',773,'617-108-7715'),('Eileen Guite','1972-05-27',774,'770-819-6090'),('Beatrice Roycraft','1998-10-26',775,'239-687-5418'),('Catina Rackam','1978-07-28',776,'580-423-3592'),('Abra Vanyarkin','1995-05-24',777,'276-900-9930'),('Alard Clyne','1984-10-30',778,'707-747-8567'),('Mahmud Jozaitis','1977-11-18',779,'857-459-0398'),('Sophey Easton','1990-02-03',780,'267-972-3777'),('Prentice Oda','2015-01-28',781,'626-847-6039'),('Price Baumber','1993-01-08',782,'640-983-4923'),('Bent Oyley','1977-11-24',783,'620-963-0093'),('Boyd Kingsnod','1969-08-10',784,'544-415-4977'),('Zach Upstone','1988-11-07',785,'965-244-9610'),('Pen Barringer','2015-10-25',786,'922-287-3398'),('Filia Ateggart','2012-07-05',787,'677-789-6931'),('Zelma Mundall','1967-08-24',788,'127-489-7116'),('Geno Pickring','1973-11-01',789,'401-241-1275'),('Jinny Tustin','2015-09-17',790,'130-103-3292'),('Arty Belle','2004-11-19',791,'321-736-4044'),('Rustin Nisbet','1993-05-05',792,'173-844-2749'),('Serene Sennett','1995-04-20',793,'892-298-9803'),('Bronny Syversen','1994-11-30',794,'256-152-2516'),('Gabbey Glasscock','1996-05-25',795,'927-290-8371'),('Abeu Shapera','1987-07-15',796,'252-196-8996'),('Jeannette Rubi','1982-04-11',797,'733-324-1538'),('Eirena Lordon','2000-09-25',798,'334-489-2617'),('Sheffie Rennles','1967-03-07',799,'173-121-8589'),('Tabby Ewin','1972-03-11',800,'159-916-0748'),('Reynard Drable','1970-11-18',801,'672-389-7019'),('Brennen Campany','2009-09-30',802,'891-775-4747'),('Rickert Guerrero','1990-07-13',803,'603-888-7023'),('Mateo Eberlein','2001-03-05',804,'997-239-4556'),('Scott Braycotton','1973-11-29',805,'116-902-7054'),('Karrah Scramage','1967-05-05',806,'502-744-7553'),('Delbert Didsbury','1994-02-08',807,'557-967-2214'),('Gamaliel Holdforth','1998-10-03',808,'786-254-5166'),('Diego Quartermain','1994-06-22',809,'515-898-6757'),('Horton Aymer','1979-02-14',810,'668-498-4362'),('Elberta Curling','1965-02-04',811,'147-991-3491'),('Kitty Pavis','1974-04-27',812,'849-791-6931'),('Carie Grishmanov','1982-11-05',813,'857-254-1587'),('Krissie Capron','1968-08-20',814,'260-846-8417'),('Elsie Camelin','1964-11-23',815,'245-861-2231'),('Merissa Capelin','1997-01-09',816,'406-259-4599'),('Regen Vernon','1973-02-26',817,'599-277-5054'),('Ferris Brockherst','1995-10-03',818,'363-311-3108'),('Clint O\'Docherty','1995-02-27',819,'613-492-2822'),('Muhammad Kenlin','1979-05-27',820,'332-575-4153'),('Harman Ort','2001-09-03',821,'362-341-3464'),('Tony Battabee','2000-05-05',822,'544-344-4560'),('Jeannine Proctor','1974-08-14',823,'946-146-3612'),('Cynthea Prandi','1991-09-21',824,'347-526-6782'),('Myrtia Wehden','2012-07-04',825,'758-305-0637'),('Olin Nightingale','1964-01-31',826,'382-836-6820'),('Stanislas Siggin','2015-06-16',827,'279-963-9469'),('Graehme Meighan','1993-11-12',828,'817-670-4389'),('Tanner Alejandro','1985-11-19',829,'256-416-2761'),('Reina Wade','1999-01-30',830,'258-891-7499'),('Cecile Kemson','1993-05-21',831,'560-491-1010'),('Jenica Klaffs','1969-06-23',832,'790-462-9766'),('Englebert Stell','1983-11-17',833,'926-886-7727'),('Ninetta Drabble','2006-08-30',834,'607-905-6063'),('Brew Cornelius','2010-04-21',835,'183-851-8486'),('Libby Pask','1965-03-04',836,'608-234-0780'),('Carolynn Dubble','1995-04-21',837,'842-854-6781'),('Granny De Lascy','2010-02-17',838,'501-429-9792'),('Elsy Spreadbury','2005-05-01',839,'310-894-2544'),('Xenos Macenzy','1990-02-21',840,'668-386-8607'),('Delinda Henker','1969-02-19',841,'200-767-6080'),('Beverlee Calafate','1990-05-30',842,'152-245-9536'),('Tarrance Ranscombe','2011-06-16',843,'329-161-9852'),('Loise Berard','1987-05-20',844,'100-759-2731'),('Michaella Pegler','1980-09-16',845,'371-170-3468'),('Marcelia Nolleth','2013-03-02',846,'547-435-6455'),('Ailene Metzke','2014-01-31',847,'518-369-4211'),('Hermie Driscoll','1984-07-03',848,'447-335-4454'),('Aubry Ghelarducci','1993-09-14',849,'256-722-3164'),('Claudius Warmington','1975-09-02',850,'122-276-5072'),('Murray Baughn','1969-01-01',851,'141-535-0656'),('Auberta Martinovsky','1965-09-15',852,'146-194-7934'),('Al Offener','1968-05-07',853,'930-443-3981'),('Granger Shoebotham','1983-07-31',854,'898-469-9063'),('Dukie Bolter','2000-08-18',855,'341-749-9533'),('Chrisse Mather','1976-05-06',856,'841-306-0884'),('Rufus Joao','1976-04-06',857,'534-493-5210'),('Glynn Wincom','1991-01-27',858,'699-268-2229'),('Lora Draper','1971-10-27',859,'751-345-2772'),('Merl Jorez','1999-08-14',860,'723-516-6231'),('Ewen Poxon','1997-10-07',861,'552-627-5379'),('Teena Labden','1982-09-29',862,'566-516-7441'),('Des Pappin','1998-08-04',863,'188-692-0500'),('Harley Skelington','2014-10-26',864,'474-438-1544'),('Alwyn Sheard','1986-08-04',865,'876-887-1657'),('Valeda Gibson','1967-06-21',866,'191-221-4796'),('Hartley Maunders','1979-02-02',867,'814-561-2968'),('Colver Elcombe','1992-10-23',868,'739-363-9847'),('Chuck Louden','1990-06-15',869,'826-648-2463'),('Natala Dudding','1983-04-30',870,'942-991-0871'),('Seline Birth','1964-08-16',871,'104-474-9627'),('Lazarus Strugnell','2002-05-28',872,'909-327-9220'),('Alfred Chastanet','1971-04-22',873,'768-959-8188'),('Suzette Veschambes','1978-09-18',874,'917-481-2474'),('Minni Shepherdson','1972-12-04',875,'176-131-2326'),('Sheela Buckam','2015-05-07',876,'666-268-3663'),('Tammie Sodeau','1993-08-01',877,'378-220-2766'),('Korella Cianelli','1974-02-27',878,'278-212-2818'),('Ebeneser Rawling','2010-10-14',879,'165-118-3750'),('Robinet Alfonsetto','2003-01-20',880,'832-488-5230'),('Lonny Darlow','1985-04-29',881,'762-842-4190'),('Sandye Escudier','1983-07-07',882,'659-561-9225'),('Kalle Espinal','2004-01-24',883,'488-850-5089'),('Donella Winscomb','1966-07-14',884,'836-589-9425'),('Ike Polhill','2005-06-16',885,'235-635-2217'),('Fee Gryglewski','1974-01-08',886,'918-299-1842'),('Euphemia Chetwin','2013-06-11',887,'696-897-0980'),('Katherina Sheircliffe','2009-08-03',888,'235-802-3721'),('Bliss Troyes','1978-07-22',889,'576-362-0646'),('Carlie Gagg','1980-11-21',890,'143-646-3112'),('Arleen Hourihane','2014-10-17',891,'756-496-6276'),('Zane Kitchaside','1999-11-23',892,'986-211-9430'),('Chad Coie','2012-07-03',893,'532-533-3547'),('Rochester Bellon','1979-04-26',894,'569-370-0743'),('Morna Staniforth','1985-01-29',895,'182-191-8410'),('Milzie Jiroudek','1996-09-24',896,'308-435-0234'),('Amerigo Greenhaugh','2003-12-17',897,'966-689-8980'),('Grazia Danovich','2008-05-16',898,'354-426-1872'),('Cindi Fairfoot','1976-08-18',899,'809-614-6672'),('Link de Clerk','2015-05-18',900,'403-745-1224'),('Camella Studders','1966-11-16',901,'451-407-5344'),('Zorana Ewenson','2005-08-22',902,'318-354-4279'),('Theresa Dacey','2008-08-30',903,'811-875-7710'),('Hakeem Shailer','1976-11-06',904,'784-917-6415'),('Anson Silverthorne','1968-10-16',905,'279-446-5445'),('Lauree Constant','2005-04-08',906,'991-857-9348'),('Else Whayman','2012-02-21',907,'908-370-4409'),('Jasper Queyos','1966-04-19',908,'634-965-5535'),('Natividad Durran','2011-11-17',909,'474-185-3950'),('Fionnula Binner','2015-03-17',910,'790-816-4538'),('Agustin Dumbrill','1978-08-10',911,'208-975-4164'),('Matty Kennford','1968-09-17',912,'303-596-5762'),('Yanaton Moro','2008-11-24',913,'696-712-5346'),('Arabel Fysh','1965-10-05',914,'991-992-1386'),('Suzanna Huchot','1984-08-11',915,'132-443-0478'),('Melanie Iseton','1979-07-26',916,'909-921-0688'),('Christian Sunshine','1991-09-05',917,'813-302-2314'),('Purcell Sidnell','1965-08-28',918,'952-674-3718'),('Oralla McGookin','1971-10-29',919,'452-974-0044'),('Esme Rocca','1999-06-14',920,'513-792-4821'),('Griswold Noyce','2005-01-11',921,'803-323-7459'),('Valera Edmons','1985-03-14',922,'856-427-7742'),('Bette Setchell','1975-08-04',923,'965-489-6269'),('Ker Winning','1965-06-14',924,'961-512-7280'),('Lambert Ramme','1968-10-21',925,'182-569-5309'),('Robbert Leither','1984-12-20',926,'149-167-1923'),('Cherilyn Fleote','2004-08-15',927,'683-280-0900'),('Keri Livett','1986-07-08',928,'366-424-5369'),('Lucy Terren','2011-08-15',929,'654-279-0169'),('Packston Pennycord','2009-09-15',930,'717-848-9741'),('Fred Warrior','2004-12-26',931,'266-568-0569'),('Goldina Dorrian','1981-11-06',932,'990-105-1203'),('Raimundo Moorerud','1980-09-06',933,'900-189-1207'),('Ki Rochford','2010-07-02',934,'944-477-4857'),('Teresita Blankett','2003-08-18',935,'349-858-7768'),('Terence Stranahan','2003-03-30',936,'691-629-3604'),('Aleta Patershall','1991-08-03',937,'624-141-6716'),('Merwin Kinig','1972-12-12',938,'703-892-5741'),('Deanne Barth','2004-02-21',939,'573-698-6841'),('Gratiana Lynock','1993-05-31',940,'263-473-1009'),('Vallie Sherrett','2008-09-29',941,'131-376-8485'),('Gabriellia Miskin','2001-01-08',942,'940-547-2289'),('Jon Sweeting','1971-09-28',943,'943-565-0027'),('Willetta Simmig','1986-01-01',944,'263-286-9908'),('Jimmy Savege','1995-12-02',945,'641-986-4811'),('Audie Brighty','1979-11-13',946,'720-466-1938'),('Petey Pfaff','1984-11-16',947,'882-966-5160'),('Lotte Malbon','2001-03-21',948,'188-455-1365'),('Tricia Maskrey','1970-05-08',949,'959-510-2047'),('Calla Melbury','1978-02-25',950,'152-955-1657'),('Bay Muckle','2005-03-10',951,'246-370-3252'),('Davy Huerta','2011-08-13',952,'268-494-6874'),('Kennan Gollard','1964-02-06',953,'569-186-0689'),('Hube D\'eathe','1987-07-21',954,'440-259-7186'),('Ardine Camerati','1990-11-14',955,'197-239-0307'),('Yevette Nabbs','1975-12-22',956,'960-973-1434'),('Lissa Shillom','1974-06-25',957,'398-792-2365'),('Sigismundo Broxton','1992-07-03',958,'712-295-3344'),('Nani Kock','1966-02-20',959,'632-783-4595'),('Nonah Rutledge','1971-11-14',960,'468-353-8019'),('Shea Blabie','1985-06-14',961,'318-952-3994'),('Stavro Cawdron','1974-03-21',962,'963-375-3203'),('Kendricks Wormald','2003-09-22',963,'362-721-4107'),('Tracy Staddart','1973-02-07',964,'245-332-8219'),('Onida Piddock','1967-12-17',965,'626-110-6404'),('Helenka Struss','1975-07-12',966,'416-256-6252'),('Nikkie Clemmensen','1988-09-20',967,'143-926-1387'),('Julina Reyson','2013-01-11',968,'463-464-0912'),('Gerard Traviss','2010-01-21',969,'212-155-2433'),('Margaretha Spera','1992-12-05',970,'523-814-4680'),('Umeko Reddel','1997-04-27',971,'576-302-7205'),('Lauryn Chatenier','2006-11-12',972,'601-891-6475'),('Johan Le Grice','1994-07-01',973,'139-293-7204'),('Dorolisa Wayvill','1982-08-02',974,'720-852-9041'),('Ursula Bonafant','1979-12-18',975,'223-378-5521'),('Ardelia Yurtsev','2006-09-06',976,'114-978-6653'),('Zach Gapper','1976-01-01',977,'292-360-3325'),('Jessy Jekel','1994-04-06',978,'508-938-1159'),('Devonne Upsale','1968-11-18',979,'835-993-6284'),('Ray Gideon','2012-01-28',980,'835-201-3584'),('Byrle Berg','2001-06-09',981,'761-886-6651'),('Sander Birkbeck','2012-07-01',982,'152-129-3482'),('Mile Rainforth','1986-02-26',983,'945-967-0797'),('Hermione Elden','1992-05-02',984,'206-872-0744'),('Lemmie Downer','2003-05-25',985,'229-900-0026'),('Livvy Rivitt','1979-12-31',986,'899-320-6624'),('Vivi Stoate','2012-04-04',987,'980-471-0005'),('Christy Pactat','1971-08-03',988,'656-306-0511'),('Virgie Quenby','1971-10-28',989,'774-346-5186'),('Marjy Yeend','1979-07-16',990,'145-357-7572'),('Glendon Bathersby','1964-07-25',991,'981-596-6857'),('Blinni Dreier','1978-02-21',992,'924-985-4469'),('Adham Metzig','1999-07-09',993,'693-112-5914'),('Sheppard Duncanson','1976-03-28',994,'161-158-3926'),('Moses Kedge','1985-05-03',995,'138-579-0334'),('Nolie Corneliussen','1966-12-14',996,'896-466-0397'),('Matilda Le Borgne','1991-09-12',997,'110-189-9055'),('Arlin Bottle','2014-04-28',998,'368-936-7390'),('Gal Fend','1980-04-30',999,'828-732-5251'),('Garvey Iglesias','2004-03-21',1000,'949-597-2275'),('Joannes Driffill','2008-11-13',1001,'294-426-4411'),('Rhett Culham','1970-10-28',1002,'950-583-5469'),('Bevan Prest','1999-04-08',1003,'924-751-3381'),('Bunnie Helstrom','2011-12-15',1004,'360-836-7027'),('Hilary Wolfer','2005-11-23',1005,'107-300-1298'),('Corny De Simoni','1977-04-03',1006,'734-106-0103'),('Katrinka Habershon','1991-12-04',1007,'933-737-7186'),('Madlen Borel','1988-02-02',1008,'549-205-9788'),('Nolan Talks','1982-09-19',1009,'887-340-3745'),('Wallis Haddrill','1998-06-01',1010,'909-563-1791'),('Stefanie Tomblin','2012-03-03',1011,'646-906-9090'),('Kristina Tolworthie','2002-05-21',1012,'908-959-0669'),('Coleen Bulloch','1996-11-23',1013,'312-118-5057'),('Golda Faier','1983-09-30',1014,'664-259-6937'),('Bobbe Cristou','1993-12-02',1015,'555-824-0524'),('Jemmie Shea','2009-11-21',1016,'857-926-2504'),('Tallou Bladder','1967-07-18',1017,'344-715-8080'),('Kym Venditti','1993-11-13',1018,'356-726-0712'),('Wash Ricco','1972-07-23',1019,'376-350-8894'),('Nance Ahlf','1967-10-16',1020,'684-273-0882'),('Elke Fishenden','2011-01-14',1021,'566-764-1655'),('Buck Everex','2012-09-18',1022,'295-146-7944'),('Chantal Clemenson','2014-05-25',1023,'806-739-4084'),('Jamil Blunsden','1990-10-20',1024,'960-267-1492'),('Linnell Sperling','2001-02-16',1025,'307-969-5400'),('Willamina Garlee','1975-03-17',1026,'210-527-1874'),('Winna Dugue','2012-09-04',1027,'198-405-0267'),('Winne Grasha','1968-01-12',1028,'726-643-8783'),('Barbey Cogger','2001-04-12',1029,'964-819-2114'),('Libbie Lynch','1992-06-27',1030,'141-416-4567'),('Dyana MattiCCI','1992-02-24',1031,'646-287-8614'),('Cammy Jost','2012-04-20',1032,'420-662-0906'),('Vaughan Hazlehurst','1978-12-13',1033,'481-245-1669'),('Chrissy Lapslie','1972-11-03',1034,'435-658-2346'),('Curtis Biggam','1984-04-25',1035,'715-442-0663'),('Charlot Toward','2000-09-19',1036,'411-988-5907'),('Sophi Dobson','1974-02-19',1037,'476-133-2133'),('Maurine Piscot','2001-08-08',1038,'192-490-7433'),('Othelia Rofe','1993-07-09',1039,'607-927-1564'),('Chickie Tonner','1964-12-27',1040,'919-457-5421'),('Esther Tramel','1967-12-03',1041,'316-315-7318'),('Harris Nathon','1995-10-30',1042,'376-574-4360'),('Lind Abrey','1986-09-20',1043,'925-263-0863'),('Estel Macieja','1980-07-27',1044,'327-832-9527'),('Pammy Teresa','2010-02-28',1045,'739-853-6859'),('Kelcey Raffles','1992-05-16',1046,'930-710-5925'),('Farand Huguet','1994-10-13',1047,'241-195-2538'),('Gilda Wegner','1983-08-26',1048,'594-250-0349'),('Nelia Lightwing','2008-03-23',1049,'459-663-0889'),('Rois Harmeston','2000-01-09',1050,'358-436-7897'),('Zebulon Bernlin','1992-02-05',1051,'505-888-2608'),('Coop Newlands','1992-10-06',1052,'789-285-4083'),('Tybi Lightbourne','2001-01-01',1053,'948-292-5661'),('Bryanty Hachette','1995-11-11',1054,'494-267-1569'),('Mallorie Spellward','1981-02-20',1055,'836-779-5860'),('Livvyy Linturn','2015-11-20',1056,'220-807-8424'),('Marje Gumbrell','1989-04-25',1057,'559-747-2493'),('Skippy Calderwood','2009-10-29',1058,'117-540-4216'),('Gabriela Caws','1997-12-28',1059,'442-801-5057'),('Ignacio Dunbobbin','1992-12-06',1060,'241-584-2692'),('Cybil Plumbe','2009-06-29',1061,'866-953-2050'),('Karil Cornely','1986-10-12',1062,'304-718-9512'),('Crosby Quilleash','2008-10-19',1063,'947-830-7109'),('Cori Crowcroft','1970-01-15',1064,'906-568-9303'),('Rhona Tilby','2006-10-07',1065,'823-179-7910'),('Chico Crossby','1993-12-02',1066,'766-931-2004'),('Maris Bedminster','1995-11-01',1067,'476-947-6920'),('Kissie Sibbald','2008-09-18',1068,'315-987-7163'),('Amalee Worsfold','1984-01-23',1069,'881-937-3166'),('Dina Rozier','2007-04-24',1070,'647-151-1851'),('Norry Weatherdon','1991-04-23',1071,'499-712-5704'),('Dukie Marner','1992-09-07',1072,'994-368-1437'),('Morganne Slegg','1984-05-03',1073,'922-772-8877'),('Tyne Laffan','2014-12-23',1074,'638-496-2653'),('Corinna Gowdie','1996-11-27',1075,'825-415-8843'),('Willard Teligin','1985-09-06',1076,'855-241-5933'),('Flin Maharry','1970-12-03',1077,'445-834-4295'),('Chester Hooke','2010-10-17',1078,'262-612-2589'),('Constanta Pellew','1996-03-23',1079,'828-697-6401'),('Amery Hulbert','1987-02-04',1080,'826-417-3850'),('Colas Carlino','1973-03-13',1081,'996-466-3322'),('Elfrida Glas','1972-03-05',1082,'860-137-8723'),('Atlanta Remmers','2002-10-26',1083,'546-390-9974'),('Tremaine Laurance','2009-06-05',1084,'316-562-6697'),('Markos Wittke','1991-01-17',1085,'599-554-3181'),('Nappy Dreinan','1986-04-03',1086,'848-604-7923'),('Kiah Szimon','1964-07-16',1087,'103-199-8514'),('Graig Galea','1966-06-10',1088,'583-422-2437'),('Fedora Peevor','1980-07-14',1089,'535-506-3030'),('Hyman Derycot','1993-08-25',1090,'972-488-2311'),('Tomasine Puckett','1964-09-18',1091,'922-765-2723'),('Orrin Johnikin','1999-06-27',1092,'970-813-1536'),('Juliana Olifaunt','1991-05-04',1093,'827-742-7941'),('Eleen Skey','1999-08-04',1094,'738-385-4200'),('Grover Knill','2001-04-10',1095,'938-624-0643'),('Ramon Fabler','1995-07-26',1096,'231-382-6674'),('Romonda Jorez','1991-09-06',1097,'388-186-1217'),('Shellysheldon Brownill','1993-11-03',1098,'194-923-3796'),('Yance Dumblton','2013-01-04',1099,'909-931-1309'),('Brenden Lejeune','1982-10-11',1100,'647-261-5544'),('Darlene Mabbutt','1981-01-10',1101,'801-183-3712'),('Benedicta Szabo','1979-08-10',1102,'133-597-5308'),('Kial Devany','2005-05-05',1103,'966-846-8847'),('Terrel Betteridge','2001-11-04',1104,'740-700-3015'),('Willey Melmeth','1976-01-05',1105,'204-820-0837'),('Suzanne Pilling','1988-12-05',1106,'364-116-0380'),('Darice McGuinley','2013-11-04',1107,'314-700-9764'),('Lena Willeman','1985-11-09',1108,'990-418-1856'),('Rayner Petrosian','1984-04-14',1109,'413-896-4748'),('Aksel Abramovitz','1988-05-21',1110,'400-988-6853'),('Kinsley Roddan','2012-04-04',1111,'420-297-9382'),('Ethan Matteau','1992-12-24',1112,'780-821-5778'),('Codie Squire','1989-02-26',1113,'725-748-5735'),('Cordy Stinton','1966-09-30',1114,'780-715-5336'),('Ardine MacHoste','1991-09-05',1115,'217-639-8784'),('Ulises Labbey','1974-02-03',1116,'454-465-5457'),('Lemmie Ponceford','1991-11-13',1117,'954-959-3737'),('Massimo Swindell','1979-02-09',1118,'602-624-2455'),('Milzie Simakov','2011-11-05',1119,'113-378-7892'),('West Melchior','1989-07-29',1120,'551-597-0921'),('Donni Sidden','1981-11-20',1121,'635-945-1357'),('Uta Pain','1984-03-01',1122,'107-447-0604'),('Courtenay Paff','1988-02-23',1123,'974-263-0960'),('Blondie Gouldthorp','1983-02-10',1124,'864-402-2520'),('Jennifer Whight','1987-02-16',1125,'925-200-7177'),('Iorgos Satterthwaite','1964-08-07',1126,'575-792-4990'),('Betti Gellan','1973-05-10',1127,'407-447-9165'),('Salomi Cranidge','1967-10-25',1128,'267-172-0178'),('Arlinda Maulden','1970-03-08',1129,'985-699-8839'),('Odelia Stoneham','1983-09-28',1130,'906-160-5928'),('Anabella Boyton','1993-04-11',1131,'885-655-9409'),('Eartha Hewertson','1975-03-01',1132,'163-607-1193'),('Feliks MacRanald','2007-04-03',1133,'350-288-2977'),('Dulsea Ashbrook','1968-06-22',1134,'559-875-8222'),('Tilly Kleine','1985-04-28',1135,'463-900-6172'),('Vin Romer','1981-03-07',1136,'711-170-4146'),('Lucho Martyns','2002-05-16',1137,'267-426-5391'),('Zackariah Clowsley','1992-03-13',1138,'785-910-1044'),('Weylin Metts','1993-11-08',1139,'136-456-2739'),('Paige Scotchbrook','1969-08-19',1140,'635-360-7002'),('Anica Thying','2004-04-19',1141,'334-502-5123'),('Griffy Pawlaczyk','1985-08-12',1142,'814-512-9101'),('Anderson Parris','1973-05-29',1143,'273-636-9281'),('Aksel Earp','2008-03-08',1144,'151-587-5433'),('Fernandina Cuffe','1974-06-06',1145,'531-375-4329'),('Herve Mattheis','1975-11-26',1146,'351-328-6242'),('Lynnet Abrahm','1993-10-10',1147,'456-319-2885'),('Cynthia Ramshaw','1989-01-01',1148,'588-949-3755'),('Zitella Itzig','1992-04-19',1149,'998-718-9588'),('Wolf Halford','2010-02-07',1150,'298-528-5308'),('Quinn Shurlock','1992-04-24',1151,'861-810-9575'),('Mirabel Jillard','1994-09-14',1152,'667-667-0642'),('Virgie Hallas','1980-03-11',1153,'937-324-6009'),('Myrtie Weymouth','2014-02-13',1154,'131-972-8808'),('Mick Vieyra','1985-04-21',1155,'650-497-0959'),('Constancia Paviour','1981-07-18',1156,'254-582-1283'),('Chanda Dallender','1995-01-14',1157,'239-503-5658'),('Mareah Scholling','1991-01-19',1158,'666-434-3271'),('Halley Cluely','1993-01-06',1159,'229-143-8088'),('Brody Stigell','1992-02-21',1160,'893-288-1419'),('Christophorus Fegan','1969-03-12',1161,'237-236-3455'),('Cullen Murdie','1981-12-13',1162,'969-267-2813'),('Culley Crowthe','1976-09-14',1163,'491-384-3145'),('Hilde Leathlay','1981-04-08',1164,'337-209-6761'),('Alix Wyant','1985-04-24',1165,'720-160-5237'),('Bronny Luciano','2008-09-03',1166,'764-751-0597'),('Suzanna Middlemist','1972-10-06',1167,'362-957-8669'),('Corbin Ferney','1995-05-12',1168,'441-760-6367'),('Zoe Flegg','2013-06-20',1169,'825-448-0039'),('Debee Zuker','1983-03-19',1170,'730-347-1153'),('Dody Macknish','1964-01-29',1171,'810-868-9709'),('Ethan Jentet','1998-08-05',1172,'906-970-1488'),('Gustie Rishbrook','2008-01-02',1173,'521-829-7160'),('Markus Beilby','1978-04-26',1174,'898-157-7889'),('Vidovic Frier','2002-10-28',1175,'433-320-5802'),('Vic McTrustrie','1991-06-30',1176,'168-816-8829'),('Rici Leatherborrow','1976-05-11',1177,'821-463-4065'),('Kerstin Dace','1994-12-26',1178,'519-742-3422'),('Baron D\'Cruze','1982-03-11',1179,'377-722-7578'),('Kath Cisneros','2014-11-15',1180,'691-510-6579'),('Osbourn Remmer','1975-03-21',1181,'564-860-1157'),('Violette Trapp','1976-07-12',1182,'736-506-4707'),('Licha Sample','1989-12-06',1183,'714-278-7875'),('Tommie Reidshaw','1995-04-27',1184,'653-164-5901'),('Daron Merryman','1986-11-23',1185,'671-550-3428'),('Clarey Oboy','1986-07-16',1186,'312-355-2043'),('Ody Dempster','1977-05-16',1187,'761-454-7831'),('Tad Klamp','2001-09-29',1188,'455-115-1977'),('Chevalier Richarz','1995-06-16',1189,'261-580-2684'),('Aldric Yuille','1975-01-10',1190,'146-382-9446'),('Collette Roalfe','1972-12-31',1191,'677-323-6820'),('Lavena Kingswoode','1965-10-18',1192,'723-680-0760'),('Kiley Asplin','2007-08-23',1193,'181-803-9023'),('Joshua Eirwin','1973-01-23',1194,'971-422-2559'),('Addy Spencock','1972-01-08',1195,'306-913-7940'),('Gale Tindley','2011-11-15',1196,'132-240-2915'),('Elston Locock','1964-10-16',1197,'633-783-5354'),('Maxim Kilsby','1977-02-16',1198,'205-486-9894'),('Forest Bondesen','1983-01-02',1199,'563-327-4138'),('Norrie Havard','2002-08-13',1200,'589-454-7484');
/*!40000 ALTER TABLE `passenger` ENABLE KEYS */;
UNLOCK TABLES;

--
-- Table structure for table `passengers_on_flight`
--

DROP TABLE IF EXISTS `passengers_on_flight`;
/*!40101 SET @saved_cs_client     = @@character_set_client */;
/*!50503 SET character_set_client = utf8mb4 */;
CREATE TABLE `passengers_on_flight` (
  `passenger_id` int DEFAULT NULL,
  `airline` char(2) DEFAULT NULL,
  `flight_num` int DEFAULT NULL,
  KEY `pof_ssn_fk` (`passenger_id`),
  KEY `pof_airline_fk` (`airline`,`flight_num`),
  CONSTRAINT `pof_airline_fk` FOREIGN KEY (`airline`, `flight_num`) REFERENCES `flight` (`airline`, `flight_num`),
  CONSTRAINT `pof_ssn_fk` FOREIGN KEY (`passenger_id`) REFERENCES `passenger` (`passenger_id`) ON UPDATE CASCADE
) ENGINE=InnoDB DEFAULT CHARSET=utf8mb4 COLLATE=utf8mb4_0900_ai_ci;
/*!40101 SET character_set_client = @saved_cs_client */;

--
-- Dumping data for table `passengers_on_flight`
--

LOCK TABLES `passengers_on_flight` WRITE;
/*!40000 ALTER TABLE `passengers_on_flight` DISABLE KEYS */;
INSERT INTO `passengers_on_flight` VALUES (468,'NK',295),(225,'G4',238),(522,'UA',250),(175,'WN',276),(288,'HA',275),(190,'F9',300),(103,'HA',293),(483,'WN',253),(40,'AS',244),(291,'B6',271),(613,'AA',299),(553,'WN',276),(1153,'G4',238),(1016,'NK',236),(762,'B6',296),(377,'DL',283),(359,'G4',255),(886,'UA',239),(478,'NK',206),(1095,'AA',202),(613,'HA',279),(932,'DL',283),(331,'B6',277),(834,'WN',249),(805,'B6',237),(761,'WN',253),(610,'F9',247),(587,'AA',257),(662,'G4',214),(352,'AS',224),(920,'F9',223),(83,'AS',286),(23,'UA',229),(695,'UA',230),(502,'AA',260),(1177,'F9',274),(331,'NK',245),(930,'G4',220),(314,'UA',239),(414,'F9',243),(897,'F9',297),(833,'DL',203),(854,'F9',258),(228,'G4',289),(1070,'G4',238),(15,'AS',280),(745,'HA',279),(769,'F9',297),(20,'HA',233),(558,'DL',203),(889,'AS',259),(911,'AS',231),(1182,'AS',286),(872,'DL',283),(536,'AA',202),(1198,'F9',258),(581,'DL',225),(395,'NK',281),(952,'NK',236),(465,'F9',211),(793,'AA',201),(936,'NK',226),(430,'HA',293),(1187,'AS',298),(428,'F9',268),(85,'F9',223),(52,'WN',234),(1067,'UA',250),(598,'NK',212),(781,'WN',204),(794,'B6',271),(319,'WN',265),(622,'F9',256),(30,'NK',245),(910,'AS',267),(7,'F9',219),(1093,'AS',267),(1041,'AS',298),(1118,'AS',231),(351,'AS',224),(431,'WN',253),(40,'F9',248),(1078,'NK',226),(441,'G4',220),(474,'F9',274),(479,'AS',209),(305,'F9',297),(467,'DL',221),(524,'F9',274),(511,'B6',288),(447,'G4',272),(637,'HA',275),(849,'WN',265),(803,'UA',266),(72,'NK',206),(163,'DL',241),(550,'NK',232),(331,'AA',257),(697,'AS',244),(308,'G4',238),(1078,'WN',282),(409,'NK',295),(239,'WN',291),(502,'WN',269),(938,'G4',220),(1035,'F9',243),(699,'HA',210),(1010,'UA',239),(902,'UA',239),(431,'AA',201),(1018,'B6',271),(470,'DL',203),(1097,'B6',294),(108,'B6',277),(758,'UA',250),(492,'DL',246),(715,'AA',260),(174,'NK',281),(899,'AS',231),(967,'F9',211),(477,'HA',227),(441,'WN',204),(991,'UA',266),(116,'AS',264),(25,'AS',267),(512,'F9',247),(53,'DL',241),(547,'G4',228),(717,'UA',229),(1040,'G4',255),(127,'G4',292),(560,'DL',287),(905,'UA',242),(134,'F9',219),(563,'G4',292),(1077,'NK',236),(850,'HA',233),(877,'WN',204),(225,'NK',251),(1135,'NK',226),(899,'DL',252),(35,'F9',300),(1005,'UA',266),(2,'AA',257),(766,'AS',284),(499,'B6',208),(159,'HA',210),(976,'G4',292),(1163,'NK',218),(370,'HA',275),(413,'F9',297),(1057,'AS',213),(597,'AS',231),(772,'AS',209),(900,'DL',221),(788,'AS',216),(7,'B6',296),(1095,'G4',289),(946,'AS',213),(1161,'F9',243),(559,'F9',235),(390,'G4',207),(913,'F9',219),(1156,'WN',240),(600,'AS',284),(1052,'WN',254),(1070,'AA',263),(508,'AS',209),(89,'HA',210),(489,'AS',244),(692,'UA',230),(1003,'B6',208),(342,'F9',300),(732,'AS',267),(858,'AS',209),(336,'B6',222),(849,'G4',220),(1111,'DL',203),(1023,'G4',207),(728,'WN',234),(88,'UA',262),(1108,'WN',249),(384,'UA',242),(470,'B6',277),(243,'B6',271),(460,'NK',206),(207,'WN',204),(613,'AA',257),(699,'NK',285),(559,'B6',288),(739,'NK',281),(1160,'AA',257),(1018,'AA',257),(755,'NK',206),(444,'AS',267),(358,'UA',242),(834,'UA',229),(525,'F9',247),(887,'WN',240),(1074,'G4',255),(1128,'WN',253),(838,'NK',212),(530,'DL',283),(316,'DL',261),(234,'G4',255),(375,'F9',268),(399,'UA',230),(591,'B6',296),(623,'AA',257),(150,'AS',244),(755,'NK',281),(699,'NK',245),(230,'F9',256),(679,'B6',222),(1003,'NK',245),(763,'F9',219),(886,'F9',243),(936,'NK',251),(995,'DL',225),(310,'WN',249),(416,'AS',280),(165,'B6',237),(750,'WN',253),(987,'WN',253),(755,'HA',275),(340,'NK',232),(145,'DL',252),(1186,'WN',254),(849,'WN',276),(1103,'B6',278),(328,'B6',208),(513,'F9',248),(1116,'DL',287),(178,'F9',223),(395,'AA',263),(555,'HA',275),(1085,'AS',209),(273,'F9',297),(677,'F9',268),(841,'WN',254),(1157,'B6',215),(447,'F9',243),(968,'HA',275),(947,'AS',231),(672,'NK',218),(1175,'DL',203),(1141,'F9',268),(202,'NK',245),(985,'B6',237),(253,'WN',249),(628,'DL',261),(963,'AA',299),(1151,'UA',266),(1037,'WN',265),(124,'G4',207),(123,'G4',289),(425,'WN',249),(330,'F9',248),(1013,'NK',281),(1153,'DL',287),(56,'DL',221),(696,'WN',249),(965,'G4',255),(49,'F9',223),(491,'F9',297),(777,'NK',295),(725,'HA',279),(311,'G4',292),(841,'NK',218),(402,'NK',226),(265,'G4',228),(805,'G4',292),(653,'F9',211),(664,'UA',229),(764,'AS',224),(80,'WN',282),(893,'UA',229),(427,'B6',278),(629,'G4',238),(215,'UA',250),(596,'HA',227),(814,'HA',233),(124,'UA',262),(1126,'B6',237),(85,'WN',234),(1144,'HA',233),(378,'B6',215),(456,'HA',275),(159,'F9',211),(62,'HA',293),(825,'UA',205),(573,'F9',243),(228,'HA',227),(820,'UA',205),(843,'F9',248),(252,'NK',245),(643,'NK',232),(831,'AS',231),(598,'WN',291),(1097,'G4',228),(993,'G4',292),(920,'AS',259),(444,'HA',210),(1162,'NK',285),(339,'AA',201),(320,'NK',295),(348,'WN',282),(62,'AS',209),(1072,'WN',269),(666,'WN',253),(1083,'B6',215),(700,'G4',238),(1125,'DL',203),(1131,'UA',262),(475,'DL',261),(914,'WN',282),(326,'DL',261),(447,'HA',275),(257,'AS',224),(1151,'B6',277),(118,'AS',264),(429,'DL',270),(485,'WN',204),(998,'B6',288),(322,'DL',225),(836,'AS',224),(1033,'NK',285),(580,'HA',293),(927,'F9',219),(226,'AS',224),(831,'UA',239),(1178,'AA',201),(218,'AS',280),(92,'UA',262),(62,'AA',257),(1111,'B6',277),(735,'F9',297),(950,'B6',215),(466,'WN',204),(450,'NK',236),(633,'NK',251),(1190,'AS',259),(883,'AS',209),(639,'G4',220),(461,'UA',230),(74,'AS',231),(832,'UA',230),(862,'UA',250),(177,'UA',229),(486,'B6',271),(993,'B6',271),(401,'UA',242),(160,'AS',286),(1027,'B6',237),(294,'F9',256),(244,'F9',268),(885,'WN',253),(278,'UA',205),(485,'WN',269),(407,'AS',216),(819,'G4',228),(529,'NK',281),(989,'HA',227),(545,'HA',227),(894,'AS',284),(1006,'DL',252),(842,'AS',280),(168,'F9',217),(1021,'WN',253),(996,'G4',272),(910,'F9',258),(737,'F9',223),(651,'AS',213),(781,'G4',238),(1076,'G4',207),(1170,'AS',259),(233,'UA',242),(260,'B6',215),(1088,'G4',220),(427,'AS',209),(125,'DL',246),(819,'WN',269),(723,'G4',207),(411,'AA',202),(240,'UA',242),(1036,'HA',227),(962,'AS',267),(472,'HA',290),(490,'WN',240),(50,'DL',225),(306,'UA',250),(910,'B6',296),(830,'B6',294),(1132,'HA',210),(165,'UA',205),(1022,'WN',269),(814,'WN',291),(841,'NK',218),(243,'F9',256),(366,'UA',205),(921,'NK',281),(428,'AA',299),(153,'DL',241),(1040,'AS',284),(563,'WN',253),(936,'B6',278),(1106,'DL',261),(1196,'DL',270),(1066,'HA',293),(627,'F9',268),(167,'AS',216),(380,'B6',278),(1115,'NK',285),(520,'WN',265),(765,'AS',231),(18,'DL',241),(396,'NK',212),(51,'G4',292),(420,'AS',280),(1085,'DL',246),(736,'WN',254),(632,'NK',251),(986,'G4',214),(8,'F9',248),(1096,'DL',246),(881,'WN',254),(1088,'B6',222),(159,'WN',240),(1142,'NK',245),(69,'DL',287),(276,'B6',296),(1098,'AS',259),(193,'AS',216),(42,'NK',251),(277,'UA',266),(11,'WN',269),(986,'WN',254),(946,'HA',227),(38,'AS',213),(75,'UA',242),(194,'B6',288),(178,'UA',250),(41,'AS',298),(467,'F9',258),(1192,'WN',291),(431,'UA',205),(491,'G4',289),(733,'G4',228),(1000,'F9',300),(948,'F9',274),(771,'AA',299),(1027,'F9',268),(74,'NK',218),(426,'AS',209),(8,'F9',247),(146,'DL',270),(382,'AS',284),(930,'B6',208),(411,'B6',237),(569,'UA',230),(143,'F9',268),(816,'F9',248),(686,'B6',208),(17,'WN',204),(292,'DL',241),(647,'HA',210),(607,'B6',208),(857,'WN',234),(943,'F9',274),(1094,'B6',208),(166,'HA',275),(932,'WN',204),(304,'UA',205),(1125,'AS',216),(363,'WN',249),(344,'G4',214),(641,'B6',278),(1078,'WN',253),(272,'AS',264),(871,'NK',245),(803,'WN',254),(659,'AS',213),(142,'G4',228),(630,'AS',216),(49,'DL',225),(876,'B6',237),(525,'F9',211),(1191,'UA',250),(799,'HA',293),(151,'NK',212),(546,'WN',282),(817,'B6',294),(877,'UA',239),(51,'G4',207),(37,'NK',245),(123,'NK',281),(247,'NK',295),(641,'G4',292),(466,'WN',273),(343,'F9',297),(667,'F9',297),(485,'NK',281),(446,'DL',241),(459,'NK',285),(350,'NK',212),(160,'AS',231),(1142,'AS',267),(995,'UA',266),(1183,'DL',203),(76,'WN',273),(896,'NK',285),(728,'DL',221),(532,'B6',296),(40,'NK',218),(555,'AS',213),(470,'WN',269),(610,'NK',232),(146,'NK',281),(620,'B6',222),(22,'AS',267),(918,'AA',257),(502,'HA',275),(84,'NK',285),(516,'DL',246),(329,'HA',279),(276,'AA',202),(787,'F9',223),(634,'WN',282),(443,'F9',223),(629,'HA',227),(236,'F9',223),(1028,'UA',230),(51,'NK',295),(177,'F9',243),(800,'WN',276),(8,'NK',281),(528,'G4',292),(983,'B6',215),(207,'B6',237),(1184,'AS',286),(151,'G4',238),(67,'B6',222),(415,'AS',286),(560,'DL',261),(469,'HA',233),(67,'AA',257),(272,'B6',222),(741,'G4',228),(852,'AS',267),(65,'HA',233),(376,'AA',260),(460,'UA',205),(181,'NK',206),(948,'G4',272),(243,'UA',250),(824,'F9',268),(821,'B6',277),(425,'AA',260),(448,'F9',219),(449,'G4',255),(414,'B6',215),(1187,'NK',212),(492,'WN',204),(1051,'F9',297),(246,'DL',241),(663,'DL',283),(1139,'AS',224),(1132,'WN',234),(139,'AA',299),(99,'AS',209),(177,'AA',257),(912,'F9',268),(685,'F9',211),(793,'G4',214),(427,'F9',223),(355,'DL',287),(598,'HA',227),(934,'B6',208),(953,'F9',297),(476,'AS',259),(449,'F9',274),(162,'WN',249),(200,'G4',220),(528,'NK',218),(954,'NK',236),(781,'UA',242),(470,'F9',219),(677,'WN',249),(1192,'B6',237),(1057,'AS',280),(868,'AA',299),(266,'WN',253),(77,'F9',256),(1063,'WN',204),(978,'WN',276),(788,'HA',279),(718,'DL',225),(328,'AS',280),(730,'WN',276),(306,'AA',260),(113,'WN',273),(469,'B6',271),(617,'AA',202),(716,'UA',242),(250,'AS',280),(100,'B6',288),(845,'F9',235),(663,'G4',292),(1060,'UA',266),(122,'AS',213),(242,'AS',284),(1071,'AS',209),(181,'F9',300),(654,'F9',297),(1073,'G4',292),(883,'NK',218),(501,'AA',201),(1056,'AS',213),(1073,'B6',277),(39,'G4',255),(1154,'DL',221),(364,'AS',284),(942,'F9',258),(369,'B6',222),(1100,'DL',221),(494,'F9',247),(5,'DL',261),(982,'G4',214),(458,'AS',216),(165,'AS',259),(688,'F9',235),(984,'NK',218),(278,'NK',232),(777,'F9',300),(620,'F9',243),(887,'F9',217),(1194,'HA',210),(952,'WN',265),(278,'G4',289),(1149,'AS',259),(695,'HA',293),(34,'UA',230),(929,'WN',249),(165,'AS',231),(637,'G4',292),(1138,'AS',231),(201,'UA',230),(269,'F9',219),(949,'B6',215),(1057,'G4',292),(54,'AA',202),(515,'G4',255),(282,'B6',208),(1049,'UA',242),(180,'AS',209),(398,'NK',212),(359,'AS',286),(715,'F9',268),(416,'NK',281),(484,'WN',234),(209,'F9',256),(32,'HA',290),(885,'B6',271),(314,'HA',279),(15,'HA',279),(675,'HA',290),(1187,'WN',273),(543,'NK',281),(445,'G4',214),(1120,'UA',262),(606,'NK',281),(255,'NK',281),(1012,'NK',236),(76,'WN',240),(824,'F9',243),(45,'DL',287),(515,'F9',268),(1174,'AS',213),(54,'F9',217),(293,'F9',219),(406,'DL',287),(790,'AS',280),(344,'AS',284),(964,'AS',209),(62,'WN',204),(735,'WN',282),(298,'NK',212),(380,'UA',205),(155,'AS',231),(57,'NK',218),(502,'AA',260),(561,'F9',247),(1115,'WN',253),(969,'NK',206),(842,'NK',218),(564,'B6',288),(792,'AS',264),(162,'WN',253),(330,'B6',237),(1000,'AA',201),(19,'B6',237),(838,'AS',231),(639,'NK',295),(632,'B6',294),(1082,'UA',266),(155,'F9',256),(470,'F9',258),(357,'AA',299),(168,'UA',266),(1025,'AS',280),(676,'AA',201),(984,'AS',209),(732,'WN',269),(656,'WN',282),(91,'WN',253),(110,'WN',240),(447,'WN',234),(189,'DL',261),(812,'AS',284),(1059,'G4',272),(1181,'NK',245),(792,'HA',290),(315,'F9',297),(477,'B6',296),(757,'AS',209),(581,'UA',230),(1087,'G4',220),(308,'AS',267),(776,'F9',274),(92,'NK',206),(922,'AS',231),(579,'NK',236),(789,'NK',236),(1185,'B6',208),(696,'B6',278),(974,'UA',230),(1128,'WN',265),(714,'G4',292),(608,'UA',239),(1075,'NK',236),(73,'AS',286),(702,'AS',286),(721,'HA',293),(1016,'AS',280),(418,'AA',201),(1026,'HA',279),(89,'WN',249),(609,'WN',253),(1115,'AA',257),(899,'G4',228),(937,'AS',259),(686,'B6',215),(296,'G4',272),(183,'WN',265),(690,'AS',286),(177,'F9',243),(132,'UA',239),(821,'F9',247),(194,'NK',232),(388,'UA',266),(326,'NK',245),(178,'F9',256),(290,'B6',222),(1079,'UA',205),(20,'WN',291),(126,'HA',279),(1187,'AA',299),(722,'WN',282),(857,'F9',268),(195,'F9',297),(1009,'F9',247),(1048,'F9',247),(647,'NK',218),(999,'AA',299),(676,'B6',208),(91,'AS',284),(1042,'HA',227),(567,'B6',288),(625,'G4',289),(636,'G4',292),(521,'F9',274),(1046,'G4',207),(923,'WN',204),(640,'DL',270),(793,'AA',299),(791,'NK',281),(1168,'WN',269),(1175,'UA',230),(1051,'AS',216),(957,'F9',297),(18,'AS',264),(621,'G4',292),(317,'B6',222),(224,'DL',203),(193,'NK',295),(436,'B6',215),(144,'AS',216),(705,'B6',271),(469,'NK',226),(555,'WN',269),(193,'DL',270),(545,'NK',226),(1074,'F9',211),(823,'AS',216),(986,'DL',246),(127,'G4',238),(249,'AS',259),(792,'B6',208),(926,'F9',297),(518,'F9',256),(1068,'WN',204),(36,'AS',264),(817,'HA',279),(87,'WN',204),(188,'AS',216),(468,'F9',297),(248,'WN',265),(976,'WN',276),(373,'HA',275),(370,'DL',203),(1160,'AS',267),(896,'G4',220),(682,'F9',268),(783,'DL',225),(108,'G4',214),(189,'F9',297),(240,'NK',226),(492,'NK',232),(445,'G4',220),(355,'UA',266),(732,'F9',248),(802,'UA',250),(108,'G4',220),(232,'AS',213),(1159,'B6',294),(814,'HA',290),(380,'UA',262),(807,'B6',288),(540,'F9',274),(829,'NK',236),(37,'NK',236),(277,'B6',278),(1097,'F9',219),(544,'UA',229),(525,'HA',275),(1148,'NK',236),(598,'HA',290),(686,'NK',236),(664,'AS',244),(62,'NK',295),(908,'AA',201),(712,'AA',201),(1190,'G4',207),(373,'F9',211),(499,'AA',202),(550,'F9',211),(398,'B6',271),(39,'HA',275),(856,'UA',242),(1030,'HA',279),(1089,'NK',226),(1024,'UA',266),(1101,'NK',218),(1124,'AA',201),(375,'UA',230),(337,'G4',220),(1047,'NK',295),(61,'UA',262),(1069,'B6',222),(793,'B6',237),(468,'AS',224),(149,'B6',208),(1098,'AS',244),(779,'B6',294),(372,'UA',262),(1034,'DL',241),(693,'B6',208),(851,'DL',261),(930,'B6',271),(68,'B6',222),(454,'F9',274),(240,'F9',217),(1047,'B6',288),(18,'NK',285),(1164,'HA',290),(942,'WN',234),(784,'F9',219),(483,'NK',232),(1136,'NK',251),(207,'B6',208),(868,'F9',211),(627,'AS',259),(662,'UA',229),(1073,'DL',241),(859,'DL',270),(1111,'F9',274),(1130,'F9',248),(464,'F9',243),(158,'F9',219),(494,'HA',293),(716,'NK',285),(327,'B6',278),(893,'F9',235),(1020,'F9',243),(793,'NK',295),(978,'AA',263),(27,'NK',232),(236,'B6',271),(57,'HA',275),(533,'B6',296),(259,'B6',237),(159,'B6',215),(1195,'HA',210),(992,'AS',244),(796,'WN',253),(811,'AS',216),(307,'WN',282),(143,'AS',213),(266,'NK',285),(783,'WN',291),(388,'AS',264),(813,'HA',293),(581,'G4',238),(1193,'DL',270),(104,'WN',276),(678,'AS',259),(775,'F9',258),(292,'NK',245),(935,'WN',276),(778,'B6',296),(124,'WN',269),(7,'HA',210),(852,'F9',274),(769,'B6',222),(309,'F9',300),(1045,'WN',249),(698,'WN',282),(902,'NK',236),(825,'UA',266),(66,'B6',208),(135,'UA',262),(972,'B6',294),(994,'G4',214),(131,'F9',268),(734,'B6',271),(872,'WN',269),(189,'G4',207),(77,'G4',220),(654,'F9',248),(556,'WN',269),(551,'G4',255),(662,'G4',228),(557,'B6',277),(873,'DL',261),(425,'AS',216),(317,'F9',248),(466,'B6',294),(709,'AS',216),(570,'UA',242),(115,'AS',280),(203,'F9',248),(738,'HA',233),(497,'WN',240),(1060,'DL',261),(787,'UA',230),(944,'AA',202),(163,'AS',286),(505,'NK',212),(194,'NK',206),(389,'WN',240),(660,'NK',285),(1009,'UA',242),(248,'WN',253),(801,'NK',245),(535,'NK',218),(379,'F9',248),(766,'NK',218),(211,'F9',247),(736,'NK',212),(781,'AA',201),(867,'G4',289),(56,'F9',223),(743,'AS',298),(1044,'F9',297),(939,'F9',235),(943,'NK',251),(78,'NK',206),(1145,'HA',227),(888,'AS',209),(439,'WN',282),(437,'AS',244),(1131,'AA',263),(1034,'WN',254),(485,'NK',226),(527,'HA',210),(937,'DL',203),(1173,'F9',300),(637,'HA',293),(226,'NK',226),(148,'WN',269),(1186,'G4',238),(260,'G4',255),(56,'G4',292),(938,'NK',295),(600,'AS',216),(1147,'DL',261),(746,'NK',251),(38,'AS',213),(820,'G4',220),(1034,'G4',238),(105,'AS',213),(305,'WN',273),(847,'F9',300),(520,'WN',234),(553,'AS',280),(590,'AS',286),(1138,'AS',280),(1065,'F9',211),(1169,'B6',222),(524,'DL',283),(107,'AS',267),(1133,'B6',271),(811,'G4',220),(1148,'UA',242),(1084,'DL',203),(27,'AA',260),(743,'B6',215),(560,'F9',268),(266,'AS',264),(1017,'AS',213),(1136,'HA',233),(579,'WN',240),(1057,'F9',223),(808,'F9',268),(279,'DL',241),(302,'B6',215),(943,'F9',223),(75,'F9',258),(225,'HA',227),(546,'AS',244),(232,'F9',247),(973,'F9',219),(345,'AS',284),(3,'AS',216),(906,'AS',231),(1123,'AA',202),(1164,'F9',247),(818,'DL',270),(198,'UA',262),(617,'B6',271),(18,'DL',283),(1140,'UA',239),(238,'HA',290),(1169,'B6',237),(1056,'G4',220),(1103,'WN',282),(55,'HA',227),(1153,'UA',262),(46,'AA',263),(1140,'HA',210),(1121,'UA',266),(606,'NK',251),(250,'DL',225),(26,'F9',247),(969,'F9',243),(762,'UA',229),(723,'WN',291),(1017,'AA',263),(28,'F9',219),(293,'AS',284),(121,'DL',203),(416,'AS',298),(562,'B6',237),(717,'AA',263),(786,'F9',211),(1010,'AS',298),(84,'HA',227),(59,'DL',246),(556,'WN',249),(804,'F9',223),(720,'NK',212),(1068,'WN',273),(733,'F9',235),(287,'UA',262),(587,'AA',260),(99,'F9',211),(293,'B6',278),(958,'AS',209),(701,'NK',236),(1069,'AS',286),(205,'AS',280),(359,'G4',272),(134,'WN',240),(778,'F9',235),(884,'HA',227),(139,'F9',268),(147,'NK',251),(48,'G4',238),(833,'WN',204),(616,'DL',261),(867,'HA',279),(587,'WN',249),(498,'AA',257),(1179,'HA',293),(439,'B6',208),(207,'AA',257),(534,'AA',201),(530,'B6',208),(326,'B6',296),(173,'UA',262),(555,'F9',297),(1170,'WN',240),(978,'F9',217),(292,'AS',264),(276,'G4',255),(39,'NK',285),(349,'AS',267),(567,'NK',236),(79,'WN',265),(421,'DL',252),(699,'AS',298),(779,'AS',264),(1017,'NK',251),(437,'WN',282),(103,'UA',242),(703,'AS',216),(346,'HA',293),(374,'F9',219),(800,'DL',283),(801,'UA',262),(925,'UA',230),(749,'HA',293),(771,'B6',277),(864,'WN',249),(740,'DL',241),(1117,'B6',288),(1166,'F9',258),(707,'WN',276),(1170,'NK',281),(667,'B6',277),(72,'WN',291),(1121,'B6',277),(444,'B6',294),(1129,'NK',281),(610,'UA',262),(826,'AS',284),(875,'F9',256),(897,'F9',217),(115,'F9',219),(1099,'NK',295),(424,'AS',213),(281,'G4',207),(556,'AA',263),(345,'AS',264),(432,'DL',241),(375,'AS',259),(692,'F9',247),(36,'UA',229),(1130,'UA',229),(115,'WN',269),(584,'DL',246),(218,'G4',214),(1198,'F9',211),(396,'DL',225),(661,'G4',207),(263,'AS',267),(9,'WN',276),(16,'F9',258),(864,'AS',298),(514,'UA',229),(27,'DL',241),(519,'B6',294),(1154,'WN',240),(972,'F9',235),(705,'AS',284),(709,'B6',294),(252,'G4',238),(97,'NK',232),(317,'AA',263),(438,'DL',283),(1071,'F9',217),(895,'B6',278),(392,'AA',299),(1092,'DL',287),(146,'F9',217),(567,'NK',218),(337,'WN',269),(923,'DL',283),(919,'AA',201),(519,'F9',211),(1106,'DL',287),(217,'G4',214),(145,'B6',294),(5,'AS',224),(570,'HA',279),(179,'AS',264),(162,'WN',253),(428,'F9',223),(1176,'UA',239),(399,'B6',278),(690,'F9',211),(1185,'WN',240),(49,'HA',279),(1092,'DL',287),(718,'UA',239),(566,'NK',245),(296,'WN',254),(831,'G4',292),(1060,'B6',237),(226,'DL',203),(652,'NK',206),(26,'G4',289),(638,'B6',215),(597,'NK',295),(441,'NK',281),(732,'F9',219),(353,'B6',278),(517,'UA',239),(1060,'WN',276),(466,'DL',252),(943,'F9',211),(641,'G4',214),(338,'AA',257),(302,'G4',214),(263,'F9',256),(611,'UA',266),(674,'NK',218),(691,'UA',250),(1010,'F9',268),(331,'AS',224),(274,'HA',290),(516,'UA',239),(788,'G4',228),(662,'HA',210),(1127,'AS',213),(946,'AS',264),(703,'WN',254),(1098,'NK',251),(439,'DL',261),(1081,'G4',220),(1074,'HA',210),(759,'HA',290),(209,'AS',284),(891,'WN',276),(106,'AS',267),(559,'G4',228),(349,'DL',252),(674,'NK',232),(450,'F9',235),(19,'F9',248),(670,'F9',219),(991,'AS',286),(151,'NK',251),(253,'G4',255),(752,'F9',211),(108,'AS',216),(735,'G4',255),(942,'AS',259),(785,'DL',252),(619,'F9',258),(253,'AA',260),(404,'F9',248),(409,'HA',279),(130,'F9',268),(834,'DL',221),(497,'F9',217),(228,'NK',226),(420,'WN',249),(414,'F9',223),(336,'G4',220),(192,'F9',219),(64,'AS',298),(896,'AS',267),(266,'G4',207),(495,'NK',206),(447,'F9',268),(545,'WN',204),(1024,'AA',263),(690,'G4',214),(426,'NK',236),(397,'DL',252),(418,'WN',204),(787,'NK',212),(343,'G4',238),(370,'NK',206),(124,'UA',229),(864,'B6',294),(108,'G4',220),(1129,'AA',201),(446,'DL',225),(294,'B6',294),(198,'AS',280),(1148,'AS',209),(707,'F9',223),(895,'UA',262),(136,'WN',234),(269,'AA',260),(572,'AS',298),(393,'WN',254),(16,'HA',275),(332,'NK',245),(183,'F9',217),(662,'G4',207),(507,'AA',201),(1030,'UA',205),(840,'DL',270),(787,'UA',242),(1086,'F9',258),(1174,'DL',287),(426,'B6',296),(96,'HA',290),(95,'WN',254),(889,'WN',282),(78,'F9',219),(266,'UA',239),(472,'AA',260),(536,'AA',260),(272,'HA',210),(263,'WN',276),(617,'F9',258),(668,'AA',260),(720,'F9',219),(185,'AS',259),(44,'NK',245),(673,'NK',285),(877,'AS',244),(1015,'WN',291),(161,'F9',211),(25,'AS',244),(425,'AA',263),(998,'DL',241),(1178,'NK',236),(886,'NK',218),(402,'AS',209),(779,'DL',246),(394,'HA',275),(976,'B6',277),(739,'G4',272),(920,'DL',283),(125,'WN',240),(1098,'NK',206),(886,'B6',277),(365,'HA',227),(994,'UA',266),(1158,'AS',209),(847,'G4',292),(359,'G4',207),(496,'NK',212),(342,'AS',267),(317,'B6',294),(623,'UA',250),(1024,'B6',271),(979,'NK',236),(731,'HA',275),(314,'NK',206),(154,'G4',214),(829,'DL',246),(506,'B6',278),(1101,'AS',267),(68,'HA',279),(823,'G4',220),(955,'DL',261),(531,'G4',214),(1054,'B6',278),(415,'HA',275),(277,'AS',284),(1118,'UA',250),(517,'NK',236),(1022,'B6',271),(516,'WN',254),(784,'HA',210),(595,'G4',220),(194,'F9',211),(544,'F9',300),(287,'HA',210),(238,'B6',278),(774,'NK',212),(757,'B6',208),(193,'G4',238),(353,'WN',249),(77,'WN',269),(596,'AS',224),(263,'UA',239),(476,'UA',229),(676,'G4',214),(331,'AS',209),(972,'F9',300),(137,'HA',210),(540,'NK',281),(1188,'F9',256),(670,'AS',244),(946,'NK',236),(848,'AA',202),(728,'AS',286),(624,'F9',297),(149,'B6',271),(473,'HA',290),(805,'F9',219),(502,'AS',298),(415,'AS',298),(251,'HA',279),(341,'UA',229),(821,'F9',235),(1109,'WN',282),(277,'NK',206),(344,'AS',244),(225,'F9',274),(38,'WN',282),(682,'F9',256),(32,'HA',227),(566,'NK',218),(258,'AS',264),(1037,'AS',224),(653,'NK',212),(644,'F9',211),(616,'F9',219),(326,'UA',250),(664,'AA',263),(1156,'AA',257),(133,'F9',243),(609,'WN',254),(119,'F9',274),(661,'WN',276),(601,'WN',291),(623,'F9',274),(692,'UA',242),(969,'B6',237),(578,'DL',203),(814,'WN',253),(862,'F9',268),(203,'F9',243),(248,'G4',228),(761,'AA',263),(1088,'B6',215),(290,'UA',266),(924,'WN',276),(22,'DL',287),(712,'G4',292),(1152,'F9',247),(1108,'WN',249),(698,'F9',258),(878,'F9',256),(378,'AS',259),(224,'NK',232),(1097,'NK',218),(694,'WN',234),(1076,'AS',298),(2,'AA',257),(534,'DL',270),(460,'AS',267),(653,'WN',265),(929,'DL',246),(28,'AA',257),(865,'G4',292),(151,'UA',229),(253,'HA',293),(1159,'AS',244),(781,'F9',223),(1180,'F9',217),(630,'B6',215),(894,'F9',211),(340,'F9',268),(502,'HA',233),(901,'NK',218),(1057,'WN',276),(953,'UA',205),(279,'HA',210),(66,'NK',285),(899,'B6',288),(1124,'AA',263),(456,'G4',207),(350,'B6',222),(876,'WN',253),(225,'F9',297),(338,'WN',282),(773,'AS',286),(166,'HA',279),(590,'AS',216),(582,'G4',228),(322,'NK',245),(19,'HA',275),(499,'F9',247),(726,'WN',276),(1146,'AS',244),(785,'F9',243),(77,'B6',237),(741,'F9',247),(164,'HA',279),(846,'G4',272),(1155,'HA',233),(409,'WN',273),(826,'WN',254),(717,'AA',202),(278,'NK',281),(576,'UA',239),(543,'HA',227),(1123,'AA',299),(882,'AA',260),(1124,'DL',270),(65,'F9',300),(797,'UA',230),(437,'UA',266),(35,'B6',222),(162,'AS',231),(782,'B6',294),(504,'DL',270),(1093,'AS',213),(436,'NK',206),(1180,'AA',202),(984,'DL',252),(1135,'G4',207),(167,'B6',296),(591,'AS',267),(661,'AS',267),(981,'G4',220),(58,'DL',252),(108,'HA',275),(237,'WN',269),(656,'UA',230),(809,'WN',240),(888,'F9',300),(503,'HA',279),(232,'AA',299),(964,'B6',222),(1024,'F9',274),(1121,'WN',253),(940,'WN',282),(372,'G4',272),(894,'AS',259),(1118,'B6',277),(871,'HA',293),(862,'F9',274),(38,'NK',206),(845,'UA',266),(958,'G4',238),(16,'F9',223),(270,'G4',207),(931,'F9',258),(419,'AS',298),(1068,'DL',221),(1026,'WN',249),(793,'G4',207),(118,'AA',299),(652,'G4',220),(156,'AA',202),(1001,'UA',262),(403,'NK',236),(195,'F9',297),(547,'UA',266),(17,'WN',253),(305,'NK',232),(327,'B6',294),(375,'AS',216),(761,'WN',240),(631,'F9',235),(797,'NK',232),(1181,'B6',215),(321,'UA',239),(430,'G4',255),(500,'UA',229),(379,'WN',204),(199,'AS',264),(1056,'F9',235),(324,'DL',252),(606,'WN',273),(352,'UA',230),(985,'AS',213),(1080,'F9',211),(318,'DL',246),(1177,'G4',207),(214,'DL',252),(482,'WN',254),(3,'HA',275),(746,'NK',212),(1090,'B6',278),(253,'AS',231),(357,'AA',260),(786,'F9',217),(690,'AS',224),(700,'B6',288),(84,'F9',248),(340,'AS',231),(702,'WN',291),(1085,'NK',295),(953,'DL',241),(860,'NK',251),(502,'F9',248),(497,'G4',289),(1166,'F9',235),(220,'NK',236),(6,'AA',260),(611,'WN',282),(136,'DL',241),(659,'F9',300),(513,'F9',223),(513,'HA',227),(676,'AS',209),(186,'DL',270),(535,'NK',226),(291,'WN',273),(555,'HA',275),(204,'NK',245),(430,'UA',266),(219,'F9',297),(976,'AS',264),(934,'UA',205),(994,'B6',215),(837,'F9',243),(632,'WN',240),(561,'NK',285),(840,'F9',258),(1014,'WN',269),(249,'HA',293),(558,'B6',215),(1099,'B6',271),(790,'DL',246),(1002,'F9',223),(471,'AA',257),(838,'F9',297),(750,'AS',209),(410,'G4',207),(706,'B6',288),(356,'G4',207),(1132,'F9',243),(100,'F9',268),(226,'UA',229),(839,'AS',224),(791,'AS',213),(686,'G4',214),(883,'B6',222),(74,'G4',238),(432,'AA',257),(194,'UA',242),(522,'G4',255),(752,'F9',243),(1049,'HA',210),(1191,'F9',235),(969,'DL',225),(74,'WN',282),(345,'AA',201),(795,'AS',259),(13,'WN',249),(470,'F9',256),(1094,'WN',269),(773,'AS',259),(176,'F9',243),(15,'B6',215),(750,'G4',289),(724,'B6',237),(385,'F9',217),(86,'AA',201),(899,'HA',275),(79,'G4',292),(158,'UA',250),(154,'B6',277),(402,'NK',295),(343,'AS',267),(383,'DL',241),(703,'NK',245),(702,'NK',285),(440,'F9',243),(248,'UA',239),(607,'B6',208),(216,'WN',291),(774,'F9',223),(147,'DL',221),(300,'F9',211),(243,'DL',225),(1072,'G4',292),(394,'G4',238),(760,'AA',257),(258,'AS',286),(483,'F9',274),(515,'B6',277),(110,'AS',267),(816,'WN',253),(588,'NK',281),(201,'UA',242),(170,'UA',239),(78,'DL',252),(1098,'B6',296),(1060,'B6',294),(1119,'WN',240),(477,'UA',262),(58,'G4',292),(352,'NK',281),(109,'F9',243),(1086,'NK',206),(511,'WN',269),(636,'B6',277),(956,'WN',204),(495,'NK',232),(1189,'B6',294),(1059,'DL',252),(1080,'UA',205),(786,'G4',292),(986,'G4',214),(574,'DL',287),(60,'DL',203),(619,'F9',297),(863,'F9',211),(1199,'G4',228),(1055,'NK',251),(290,'G4',292),(1048,'G4',207),(708,'AA',263),(29,'UA',266),(470,'HA',279),(784,'DL',261),(447,'HA',279),(922,'AS',224),(1186,'AS',216),(145,'B6',277),(599,'HA',290),(456,'AA',263),(1174,'DL',221),(596,'B6',278),(279,'WN',254),(218,'G4',289),(705,'NK',226),(377,'UA',262),(726,'AS',267),(776,'G4',255),(607,'WN',249),(442,'HA',233),(1014,'AS',209),(1149,'HA',210),(360,'UA',266),(180,'G4',272),(257,'B6',237),(865,'DL',270),(122,'WN',234),(1072,'F9',219),(829,'AS',244),(155,'DL',287),(186,'WN',240),(804,'F9',300),(372,'G4',228),(195,'HA',290),(194,'AA',263),(966,'UA',262),(37,'NK',251),(1195,'AA',202),(622,'WN',282),(378,'AA',263),(678,'G4',220),(922,'G4',255),(810,'NK',232),(517,'AS',213),(715,'UA',239),(174,'B6',278),(1188,'NK',226),(408,'B6',278),(175,'G4',292),(351,'DL',203),(838,'UA',262),(951,'B6',271),(804,'WN',253),(793,'AS',216),(523,'NK',245),(147,'WN',265),(918,'G4',228),(509,'UA',250),(970,'F9',211),(909,'AS',267),(132,'HA',293),(221,'NK',236),(140,'WN',276),(141,'NK',285),(1197,'F9',258),(1164,'DL',225),(152,'F9',268),(33,'B6',296),(838,'F9',219),(123,'B6',271),(1004,'DL',241),(922,'WN',291),(179,'AS',267),(592,'DL',287),(865,'AS',259),(307,'B6',277),(175,'DL',221),(731,'B6',222),(639,'WN',254),(460,'DL',241),(797,'UA',262),(952,'AS',298),(686,'UA',205),(894,'G4',289),(763,'AS',284),(844,'UA',242),(771,'B6',208),(1087,'WN',265),(820,'F9',217),(1017,'WN',265),(442,'NK',245),(294,'AA',263),(670,'NK',251),(810,'AS',284),(801,'WN',253),(928,'G4',220),(623,'NK',206),(223,'WN',273),(177,'AS',286),(85,'F9',274),(331,'F9',268),(967,'G4',220),(407,'F9',256),(622,'DL',221),(395,'AS',231),(323,'B6',277),(1046,'F9',248),(220,'NK',251),(809,'F9',223),(589,'F9',258),(408,'UA',262),(338,'AS',259),(898,'NK',285),(638,'WN',291),(113,'WN',282),(180,'B6',278),(113,'HA',275),(53,'UA',205),(189,'DL',241),(910,'AS',284),(851,'B6',294),(336,'WN',254),(218,'WN',254),(1139,'NK',212),(332,'NK',232),(384,'AS',244),(217,'WN',276),(344,'UA',239),(883,'AS',224),(297,'WN',249),(222,'HA',275),(1129,'HA',275),(967,'AA',263),(282,'WN',273),(245,'B6',215),(616,'B6',278),(106,'F9',211),(879,'WN',249),(1163,'AA',202),(903,'DL',246),(555,'NK',212),(895,'G4',255),(682,'UA',205),(605,'DL',287),(357,'G4',228),(407,'HA',227),(1022,'G4',214),(455,'DL',241),(305,'HA',210),(228,'WN',282),(516,'DL',261),(35,'UA',262),(654,'B6',208),(292,'F9',258),(286,'NK',212),(298,'WN',291),(309,'WN',249),(307,'UA',230),(662,'F9',211),(1009,'WN',291),(802,'F9',243),(750,'WN',234),(342,'HA',233),(725,'NK',212),(740,'AS',209),(163,'AA',299),(932,'F9',219),(160,'HA',279),(327,'AA',299),(54,'DL',246),(987,'UA',250),(780,'G4',220),(967,'G4',238),(13,'WN',282),(978,'DL',261),(378,'AS',209),(601,'B6',208),(15,'G4',289),(847,'HA',210),(1082,'F9',235),(300,'WN',282),(925,'AA',202),(177,'DL',221),(495,'AA',299),(700,'NK',212),(1135,'DL',270),(1129,'AS',284),(1082,'B6',278),(986,'DL',241),(878,'WN',276),(45,'F9',235),(682,'NK',251),(448,'NK',218),(169,'G4',228),(1180,'WN',265),(1183,'UA',230),(984,'AA',299),(900,'DL',283),(1060,'F9',219),(380,'G4',292),(423,'DL',261),(764,'AA',263),(749,'B6',294),(887,'F9',211),(738,'NK',281),(1017,'NK',285),(229,'WN',273),(361,'WN',276),(920,'HA',279),(926,'AS',284),(1070,'F9',235),(262,'G4',228),(73,'WN',273),(462,'F9',300),(942,'AA',299),(802,'F9',297),(5,'F9',243),(996,'AS',213),(970,'NK',218),(112,'AS',244),(286,'HA',290),(1014,'WN',291),(288,'B6',278),(693,'F9',219),(874,'NK',212),(703,'AS',224),(1045,'DL',283),(1141,'WN',254),(185,'G4',289),(1054,'UA',250),(424,'B6',215),(338,'AS',259),(696,'UA',262),(152,'NK',236),(502,'NK',251),(792,'B6',277),(173,'AS',231),(1085,'AA',202),(106,'WN',265),(637,'AS',231),(1047,'UA',250),(760,'UA',266),(740,'UA',230),(1049,'UA',242),(96,'B6',296),(27,'HA',293),(270,'HA',210),(277,'AA',263),(615,'B6',277),(181,'F9',243),(931,'AS',267),(227,'DL',261),(946,'WN',204),(1115,'NK',245),(390,'F9',274),(1074,'F9',258),(12,'DL',246),(830,'F9',235),(736,'G4',220),(1083,'WN',234),(226,'NK',281),(219,'HA',290),(191,'HA',290),(517,'DL',246),(191,'F9',219),(1026,'NK',226),(501,'AS',209),(1111,'B6',278),(176,'DL',241),(556,'AA',201),(503,'DL',241),(514,'B6',296),(2,'AS',286),(757,'B6',294),(1061,'NK',232),(603,'WN',204),(363,'DL',246),(852,'DL',270),(361,'NK',295),(460,'AS',213),(675,'DL',252),(183,'DL',246),(1195,'B6',237),(746,'NK',212),(51,'B6',288),(844,'AS',264),(789,'NK',218),(1028,'F9',217),(648,'AS',231),(898,'HA',233),(821,'B6',237),(203,'G4',228),(1050,'WN',265),(80,'UA',262),(1163,'DL',252);
/*!40000 ALTER TABLE `passengers_on_flight` ENABLE KEYS */;
UNLOCK TABLES;
/*!50003 SET @saved_cs_client      = @@character_set_client */ ;
/*!50003 SET @saved_cs_results     = @@character_set_results */ ;
/*!50003 SET @saved_col_connection = @@collation_connection */ ;
/*!50003 SET character_set_client  = utf8mb4 */ ;
/*!50003 SET character_set_results = utf8mb4 */ ;
/*!50003 SET collation_connection  = utf8mb4_0900_ai_ci */ ;
/*!50003 SET @saved_sql_mode       = @@sql_mode */ ;
/*!50003 SET sql_mode              = 'STRICT_TRANS_TABLES,NO_ENGINE_SUBSTITUTION' */ ;
DELIMITER ;;
/*!50003 CREATE*/ /*!50017 DEFINER=`root`@`localhost`*/ /*!50003 TRIGGER `update_flight_from_pof` AFTER INSERT ON `passengers_on_flight` FOR EACH ROW BEGIN
			DECLARE new_num_passengers INT;
            
            SELECT COUNT(*) INTO new_num_passengers FROM passengers_on_flight WHERE airline = NEW.airline AND flight_num = NEW.flight_num;
            
            UPDATE flight SET num_passengers = new_num_passengers WHERE airline = NEW.airline AND flight_num = NEW.flight_num;
        END */;;
DELIMITER ;
/*!50003 SET sql_mode              = @saved_sql_mode */ ;
/*!50003 SET character_set_client  = @saved_cs_client */ ;
/*!50003 SET character_set_results = @saved_cs_results */ ;
/*!50003 SET collation_connection  = @saved_col_connection */ ;

--
-- Table structure for table `pilot`
--

DROP TABLE IF EXISTS `pilot`;
/*!40101 SET @saved_cs_client     = @@character_set_client */;
/*!50503 SET character_set_client = utf8mb4 */;
CREATE TABLE `pilot` (
  `employee_id` int NOT NULL,
  `flight_license` int DEFAULT NULL,
  PRIMARY KEY (`employee_id`),
  CONSTRAINT `pilot_empid_fk` FOREIGN KEY (`employee_id`) REFERENCES `employee` (`employee_id`) ON DELETE CASCADE ON UPDATE CASCADE
) ENGINE=InnoDB DEFAULT CHARSET=utf8mb4 COLLATE=utf8mb4_0900_ai_ci;
/*!40101 SET character_set_client = @saved_cs_client */;

--
-- Dumping data for table `pilot`
--

LOCK TABLES `pilot` WRITE;
/*!40000 ALTER TABLE `pilot` DISABLE KEYS */;
INSERT INTO `pilot` VALUES (1,8838006),(2,6130921),(3,3856683),(4,5585431),(5,2800086),(6,7445584),(7,626504),(8,3930696),(9,6421134),(10,4979025),(11,1051593),(12,8128948),(13,8928823),(14,6051911),(15,2262452),(16,4546493),(17,1206469),(18,6498708),(19,219304),(20,6362578),(21,3770439),(22,5893224),(23,1583421),(24,6302450),(25,6651021),(26,8993630),(27,5360117),(28,7670086),(29,1839124),(30,6941445),(31,3977945),(32,5548872),(33,3208200),(34,3594117),(35,1900044),(36,1308971),(37,3573968),(38,8655192),(39,8774730),(40,1588002),(41,2226725),(42,6881321),(43,4907246),(44,7855564),(45,9384143),(46,3604825),(47,5220918),(48,8815233),(49,7932878),(50,3194155),(51,3220731),(52,388995),(53,1091892),(54,8160840),(55,7923326),(56,7745190),(57,6401840),(58,4543801),(59,9472015),(60,4758056),(61,9066920),(62,9222712),(63,4447148),(64,203512),(65,7403868),(66,8238737),(67,8958087),(68,1217906),(69,5512128),(70,5989382),(71,5200307),(72,8252801),(73,5043204),(74,1070775),(75,6379473),(76,8559441),(77,2915877),(78,5507738),(79,8237005),(80,5040610),(81,6094832),(82,5741752),(83,9945134),(84,2555738),(85,9606603),(86,3261330),(87,3323163),(88,2640669),(89,8478533),(90,2894458),(91,7787927),(92,101299),(93,7369530),(94,2084263),(95,1219830),(96,5567936),(97,1291734),(98,99025),(99,2770510),(100,9828702);
/*!40000 ALTER TABLE `pilot` ENABLE KEYS */;
UNLOCK TABLES;

--
-- Dumping events for database 'flight_db'
--

--
-- Dumping routines for database 'flight_db'
--
/*!50003 DROP PROCEDURE IF EXISTS `addAircraft` */;
/*!50003 SET @saved_cs_client      = @@character_set_client */ ;
/*!50003 SET @saved_cs_results     = @@character_set_results */ ;
/*!50003 SET @saved_col_connection = @@collation_connection */ ;
/*!50003 SET character_set_client  = utf8mb4 */ ;
/*!50003 SET character_set_results = utf8mb4 */ ;
/*!50003 SET collation_connection  = utf8mb4_0900_ai_ci */ ;
/*!50003 SET @saved_sql_mode       = @@sql_mode */ ;
/*!50003 SET sql_mode              = 'STRICT_TRANS_TABLES,NO_ENGINE_SUBSTITUTION' */ ;
DELIMITER ;;
CREATE DEFINER=`root`@`localhost` PROCEDURE `addAircraft`(IN manufacturer_name VARCHAR(10), IN model_name VARCHAR(10), IN num_seats INT, IN fly_range_amnt INT)
BEGIN
		DECLARE EXIT HANDLER FOR 1062
			SELECT 'Invalid: duplicate entry,';
		DECLARE EXIT HANDLER FOR 1216
			SELECT 'Invalid: Foreign key mismatch.';
        
        INSERT INTO aircraft VALUES (model_name, manufacturer_name, num_seats, fly_range_amnt);
    END ;;
DELIMITER ;
/*!50003 SET sql_mode              = @saved_sql_mode */ ;
/*!50003 SET character_set_client  = @saved_cs_client */ ;
/*!50003 SET character_set_results = @saved_cs_results */ ;
/*!50003 SET collation_connection  = @saved_col_connection */ ;
/*!50003 DROP PROCEDURE IF EXISTS `addAirplane` */;
/*!50003 SET @saved_cs_client      = @@character_set_client */ ;
/*!50003 SET @saved_cs_results     = @@character_set_results */ ;
/*!50003 SET @saved_col_connection = @@collation_connection */ ;
/*!50003 SET character_set_client  = utf8mb4 */ ;
/*!50003 SET character_set_results = utf8mb4 */ ;
/*!50003 SET collation_connection  = utf8mb4_0900_ai_ci */ ;
/*!50003 SET @saved_sql_mode       = @@sql_mode */ ;
/*!50003 SET sql_mode              = 'STRICT_TRANS_TABLES,NO_ENGINE_SUBSTITUTION' */ ;
DELIMITER ;;
CREATE DEFINER=`root`@`localhost` PROCEDURE `addAirplane`(IN in_airline_id CHAR(2), IN in_reg VARCHAR(10), IN in_reg_date DATE, IN in_model VARCHAR(20))
BEGIN
		DECLARE EXIT HANDLER FOR 1062
			SELECT 'Invalid: duplicate entry.';
		DECLARE EXIT HANDLER FOR 1216
			SELECT 'Invalid: Foreign key mismatch.';
		
        INSERT INTO airplane VALUES (in_airline_id, in_reg, in_reg_date, in_model);
	END ;;
DELIMITER ;
/*!50003 SET sql_mode              = @saved_sql_mode */ ;
/*!50003 SET character_set_client  = @saved_cs_client */ ;
/*!50003 SET character_set_results = @saved_cs_results */ ;
/*!50003 SET collation_connection  = @saved_col_connection */ ;
/*!50003 DROP PROCEDURE IF EXISTS `addFlight` */;
/*!50003 SET @saved_cs_client      = @@character_set_client */ ;
/*!50003 SET @saved_cs_results     = @@character_set_results */ ;
/*!50003 SET @saved_col_connection = @@collation_connection */ ;
/*!50003 SET character_set_client  = utf8mb4 */ ;
/*!50003 SET character_set_results = utf8mb4 */ ;
/*!50003 SET collation_connection  = utf8mb4_0900_ai_ci */ ;
/*!50003 SET @saved_sql_mode       = @@sql_mode */ ;
/*!50003 SET sql_mode              = 'STRICT_TRANS_TABLES,NO_ENGINE_SUBSTITUTION' */ ;
DELIMITER ;;
CREATE DEFINER=`root`@`localhost` PROCEDURE `addFlight`(IN in_airline CHAR(2), IN in_depart CHAR(3), IN in_arrive CHAR(3), IN in_dep_time DATETIME, IN in_arr_time DATETIME, 
						   IN in_airplane VARCHAR(10), IN in_p1 INT, IN in_p2 INT)
BEGIN
		DECLARE EXIT HANDLER FOR 1216
			SELECT 'Invalid: Foreign key mismatch.';
		DECLARE EXIT HANDLER FOR 1062
			SELECT 'Invalid: duplicate entry.';
		DECLARE EXIT HANDLER FOR 1452
			SELECT 'Invalid: Foreign key mismatch.';
            
		INSERT INTO flight (airline, departs_from, arrives_to, departure_time, arrival_time, airplane, pilot1, pilot2) 
			VALUES (in_airline, in_depart, in_arrive, in_dep_time, in_arr_time, in_airplane, in_p1, in_p2);
	END ;;
DELIMITER ;
/*!50003 SET sql_mode              = @saved_sql_mode */ ;
/*!50003 SET character_set_client  = @saved_cs_client */ ;
/*!50003 SET character_set_results = @saved_cs_results */ ;
/*!50003 SET collation_connection  = @saved_col_connection */ ;
/*!50003 DROP PROCEDURE IF EXISTS `addPassenger` */;
/*!50003 SET @saved_cs_client      = @@character_set_client */ ;
/*!50003 SET @saved_cs_results     = @@character_set_results */ ;
/*!50003 SET @saved_col_connection = @@collation_connection */ ;
/*!50003 SET character_set_client  = utf8mb4 */ ;
/*!50003 SET character_set_results = utf8mb4 */ ;
/*!50003 SET collation_connection  = utf8mb4_0900_ai_ci */ ;
/*!50003 SET @saved_sql_mode       = @@sql_mode */ ;
/*!50003 SET sql_mode              = 'STRICT_TRANS_TABLES,NO_ENGINE_SUBSTITUTION' */ ;
DELIMITER ;;
CREATE DEFINER=`root`@`localhost` PROCEDURE `addPassenger`(IN in_name VARCHAR(50), IN in_dob DATE, IN in_phone CHAR(12))
BEGIN
		DECLARE EXIT HANDLER FOR 1062
			SELECT 'Invalid: duplicate entry.';
        INSERT INTO passenger (name, dob, phone) VALUES (in_name, in_dob, in_phone);
	END ;;
DELIMITER ;
/*!50003 SET sql_mode              = @saved_sql_mode */ ;
/*!50003 SET character_set_client  = @saved_cs_client */ ;
/*!50003 SET character_set_results = @saved_cs_results */ ;
/*!50003 SET collation_connection  = @saved_col_connection */ ;
/*!50003 DROP PROCEDURE IF EXISTS `addPassengerToFlight` */;
/*!50003 SET @saved_cs_client      = @@character_set_client */ ;
/*!50003 SET @saved_cs_results     = @@character_set_results */ ;
/*!50003 SET @saved_col_connection = @@collation_connection */ ;
/*!50003 SET character_set_client  = utf8mb4 */ ;
/*!50003 SET character_set_results = utf8mb4 */ ;
/*!50003 SET collation_connection  = utf8mb4_0900_ai_ci */ ;
/*!50003 SET @saved_sql_mode       = @@sql_mode */ ;
/*!50003 SET sql_mode              = 'STRICT_TRANS_TABLES,NO_ENGINE_SUBSTITUTION' */ ;
DELIMITER ;;
CREATE DEFINER=`root`@`localhost` PROCEDURE `addPassengerToFlight`(IN in_pid INT, IN in_airline CHAR(2), IN in_flightnum INT)
BEGIN
		INSERT INTO passengers_on_flight VALUES (in_pid, in_airline, in_flightnum);
    END ;;
DELIMITER ;
/*!50003 SET sql_mode              = @saved_sql_mode */ ;
/*!50003 SET character_set_client  = @saved_cs_client */ ;
/*!50003 SET character_set_results = @saved_cs_results */ ;
/*!50003 SET collation_connection  = @saved_col_connection */ ;
/*!50003 DROP PROCEDURE IF EXISTS `cancelFlight` */;
/*!50003 SET @saved_cs_client      = @@character_set_client */ ;
/*!50003 SET @saved_cs_results     = @@character_set_results */ ;
/*!50003 SET @saved_col_connection = @@collation_connection */ ;
/*!50003 SET character_set_client  = utf8mb4 */ ;
/*!50003 SET character_set_results = utf8mb4 */ ;
/*!50003 SET collation_connection  = utf8mb4_0900_ai_ci */ ;
/*!50003 SET @saved_sql_mode       = @@sql_mode */ ;
/*!50003 SET sql_mode              = 'STRICT_TRANS_TABLES,NO_ENGINE_SUBSTITUTION' */ ;
DELIMITER ;;
CREATE DEFINER=`root`@`localhost` PROCEDURE `cancelFlight`(IN in_airline CHAR(2), IN in_flightnum INT)
BEGIN
		DELETE FROM flight WHERE airline = in_airline AND flight_num = in_flightnum;
	END ;;
DELIMITER ;
/*!50003 SET sql_mode              = @saved_sql_mode */ ;
/*!50003 SET character_set_client  = @saved_cs_client */ ;
/*!50003 SET character_set_results = @saved_cs_results */ ;
/*!50003 SET collation_connection  = @saved_col_connection */ ;
/*!50003 DROP PROCEDURE IF EXISTS `changeArrival` */;
/*!50003 SET @saved_cs_client      = @@character_set_client */ ;
/*!50003 SET @saved_cs_results     = @@character_set_results */ ;
/*!50003 SET @saved_col_connection = @@collation_connection */ ;
/*!50003 SET character_set_client  = utf8mb4 */ ;
/*!50003 SET character_set_results = utf8mb4 */ ;
/*!50003 SET collation_connection  = utf8mb4_0900_ai_ci */ ;
/*!50003 SET @saved_sql_mode       = @@sql_mode */ ;
/*!50003 SET sql_mode              = 'STRICT_TRANS_TABLES,NO_ENGINE_SUBSTITUTION' */ ;
DELIMITER ;;
CREATE DEFINER=`root`@`localhost` PROCEDURE `changeArrival`(IN in_airline CHAR(2), IN in_flightnum INT, IN new_arrival DATETIME)
BEGIN
		UPDATE flight SET arrival_time = new_arrival WHERE airline = in_airline AND flight_num = in_flightnum;
	END ;;
DELIMITER ;
/*!50003 SET sql_mode              = @saved_sql_mode */ ;
/*!50003 SET character_set_client  = @saved_cs_client */ ;
/*!50003 SET character_set_results = @saved_cs_results */ ;
/*!50003 SET collation_connection  = @saved_col_connection */ ;
/*!50003 DROP PROCEDURE IF EXISTS `changeDeparture` */;
/*!50003 SET @saved_cs_client      = @@character_set_client */ ;
/*!50003 SET @saved_cs_results     = @@character_set_results */ ;
/*!50003 SET @saved_col_connection = @@collation_connection */ ;
/*!50003 SET character_set_client  = utf8mb4 */ ;
/*!50003 SET character_set_results = utf8mb4 */ ;
/*!50003 SET collation_connection  = utf8mb4_0900_ai_ci */ ;
/*!50003 SET @saved_sql_mode       = @@sql_mode */ ;
/*!50003 SET sql_mode              = 'STRICT_TRANS_TABLES,NO_ENGINE_SUBSTITUTION' */ ;
DELIMITER ;;
CREATE DEFINER=`root`@`localhost` PROCEDURE `changeDeparture`(IN in_airline CHAR(2), IN in_flightnum INT, IN new_departure DATETIME)
BEGIN
		UPDATE flight SET departure_time = new_departure WHERE airline = in_airline AND flight_num = in_flightnum;
	END ;;
DELIMITER ;
/*!50003 SET sql_mode              = @saved_sql_mode */ ;
/*!50003 SET character_set_client  = @saved_cs_client */ ;
/*!50003 SET character_set_results = @saved_cs_results */ ;
/*!50003 SET collation_connection  = @saved_col_connection */ ;
/*!50003 DROP PROCEDURE IF EXISTS `getAirlineFlights` */;
/*!50003 SET @saved_cs_client      = @@character_set_client */ ;
/*!50003 SET @saved_cs_results     = @@character_set_results */ ;
/*!50003 SET @saved_col_connection = @@collation_connection */ ;
/*!50003 SET character_set_client  = utf8mb4 */ ;
/*!50003 SET character_set_results = utf8mb4 */ ;
/*!50003 SET collation_connection  = utf8mb4_0900_ai_ci */ ;
/*!50003 SET @saved_sql_mode       = @@sql_mode */ ;
/*!50003 SET sql_mode              = 'STRICT_TRANS_TABLES,NO_ENGINE_SUBSTITUTION' */ ;
DELIMITER ;;
CREATE DEFINER=`root`@`localhost` PROCEDURE `getAirlineFlights`(IN in_airline VARCHAR(45))
BEGIN
		DECLARE in_airline_id CHAR(2);
        SELECT id INTO in_airline_id FROM airline WHERE name = in_airline;
        
		SELECT CONCAT(airline, flight_num) AS flight_id, departs_from, departure_time, arrives_to, arrival_time FROM flight 
			WHERE airline = in_airline_id;
	END ;;
DELIMITER ;
/*!50003 SET sql_mode              = @saved_sql_mode */ ;
/*!50003 SET character_set_client  = @saved_cs_client */ ;
/*!50003 SET character_set_results = @saved_cs_results */ ;
/*!50003 SET collation_connection  = @saved_col_connection */ ;
/*!50003 DROP PROCEDURE IF EXISTS `getAllFlights` */;
/*!50003 SET @saved_cs_client      = @@character_set_client */ ;
/*!50003 SET @saved_cs_results     = @@character_set_results */ ;
/*!50003 SET @saved_col_connection = @@collation_connection */ ;
/*!50003 SET character_set_client  = utf8mb4 */ ;
/*!50003 SET character_set_results = utf8mb4 */ ;
/*!50003 SET collation_connection  = utf8mb4_0900_ai_ci */ ;
/*!50003 SET @saved_sql_mode       = @@sql_mode */ ;
/*!50003 SET sql_mode              = 'STRICT_TRANS_TABLES,NO_ENGINE_SUBSTITUTION' */ ;
DELIMITER ;;
CREATE DEFINER=`root`@`localhost` PROCEDURE `getAllFlights`()
BEGIN
		SELECT CONCAT(airline, flight_num) AS flight_id, departs_from, departure_time, arrives_to, arrival_time FROM flight;
	END ;;
DELIMITER ;
/*!50003 SET sql_mode              = @saved_sql_mode */ ;
/*!50003 SET character_set_client  = @saved_cs_client */ ;
/*!50003 SET character_set_results = @saved_cs_results */ ;
/*!50003 SET collation_connection  = @saved_col_connection */ ;
/*!50003 DROP PROCEDURE IF EXISTS `getArrivalFlights` */;
/*!50003 SET @saved_cs_client      = @@character_set_client */ ;
/*!50003 SET @saved_cs_results     = @@character_set_results */ ;
/*!50003 SET @saved_col_connection = @@collation_connection */ ;
/*!50003 SET character_set_client  = utf8mb4 */ ;
/*!50003 SET character_set_results = utf8mb4 */ ;
/*!50003 SET collation_connection  = utf8mb4_0900_ai_ci */ ;
/*!50003 SET @saved_sql_mode       = @@sql_mode */ ;
/*!50003 SET sql_mode              = 'STRICT_TRANS_TABLES,NO_ENGINE_SUBSTITUTION' */ ;
DELIMITER ;;
CREATE DEFINER=`root`@`localhost` PROCEDURE `getArrivalFlights`(IN in_airport CHAR(3))
BEGIN
		SELECT CONCAT(airline, flight_num) AS flight_id, departs_from, departure_time, arrives_to, arrival_time FROM flight
			WHERE arrives_to = in_airport;
	END ;;
DELIMITER ;
/*!50003 SET sql_mode              = @saved_sql_mode */ ;
/*!50003 SET character_set_client  = @saved_cs_client */ ;
/*!50003 SET character_set_results = @saved_cs_results */ ;
/*!50003 SET collation_connection  = @saved_col_connection */ ;
/*!50003 DROP PROCEDURE IF EXISTS `getFlight` */;
/*!50003 SET @saved_cs_client      = @@character_set_client */ ;
/*!50003 SET @saved_cs_results     = @@character_set_results */ ;
/*!50003 SET @saved_col_connection = @@collation_connection */ ;
/*!50003 SET character_set_client  = utf8mb4 */ ;
/*!50003 SET character_set_results = utf8mb4 */ ;
/*!50003 SET collation_connection  = utf8mb4_0900_ai_ci */ ;
/*!50003 SET @saved_sql_mode       = @@sql_mode */ ;
/*!50003 SET sql_mode              = 'STRICT_TRANS_TABLES,NO_ENGINE_SUBSTITUTION' */ ;
DELIMITER ;;
CREATE DEFINER=`root`@`localhost` PROCEDURE `getFlight`(IN in_airline CHAR(2), IN in_flightnum INT)
BEGIN
		SELECT CONCAT(airline, flight_num) AS flight_id, departs_from, departure_time, arrives_to, arrival_time FROM flight 
			WHERE airline = in_airline AND flight_num = in_flightnum;
	END ;;
DELIMITER ;
/*!50003 SET sql_mode              = @saved_sql_mode */ ;
/*!50003 SET character_set_client  = @saved_cs_client */ ;
/*!50003 SET character_set_results = @saved_cs_results */ ;
/*!50003 SET collation_connection  = @saved_col_connection */ ;
/*!50003 DROP PROCEDURE IF EXISTS `getFlightPassengers` */;
/*!50003 SET @saved_cs_client      = @@character_set_client */ ;
/*!50003 SET @saved_cs_results     = @@character_set_results */ ;
/*!50003 SET @saved_col_connection = @@collation_connection */ ;
/*!50003 SET character_set_client  = utf8mb4 */ ;
/*!50003 SET character_set_results = utf8mb4 */ ;
/*!50003 SET collation_connection  = utf8mb4_0900_ai_ci */ ;
/*!50003 SET @saved_sql_mode       = @@sql_mode */ ;
/*!50003 SET sql_mode              = 'STRICT_TRANS_TABLES,NO_ENGINE_SUBSTITUTION' */ ;
DELIMITER ;;
CREATE DEFINER=`root`@`localhost` PROCEDURE `getFlightPassengers`(IN in_airline CHAR(2), IN in_flightnum INT)
BEGIN
		WITH a AS (SELECT * FROM passengers_on_flight WHERE flight_num = in_flightnum AND airline = in_airline) 
		SELECT name, passenger.passenger_id, a.flight_num FROM passenger, a WHERE a.passenger_id = passenger.passenger_id;
	END ;;
DELIMITER ;
/*!50003 SET sql_mode              = @saved_sql_mode */ ;
/*!50003 SET character_set_client  = @saved_cs_client */ ;
/*!50003 SET character_set_results = @saved_cs_results */ ;
/*!50003 SET collation_connection  = @saved_col_connection */ ;
/*!50003 DROP PROCEDURE IF EXISTS `getPassengerFlights` */;
/*!50003 SET @saved_cs_client      = @@character_set_client */ ;
/*!50003 SET @saved_cs_results     = @@character_set_results */ ;
/*!50003 SET @saved_col_connection = @@collation_connection */ ;
/*!50003 SET character_set_client  = utf8mb4 */ ;
/*!50003 SET character_set_results = utf8mb4 */ ;
/*!50003 SET collation_connection  = utf8mb4_0900_ai_ci */ ;
/*!50003 SET @saved_sql_mode       = @@sql_mode */ ;
/*!50003 SET sql_mode              = 'STRICT_TRANS_TABLES,NO_ENGINE_SUBSTITUTION' */ ;
DELIMITER ;;
CREATE DEFINER=`root`@`localhost` PROCEDURE `getPassengerFlights`(IN in_passenger_id INT)
BEGIN
		WITH a AS (SELECT * FROM passengers_on_flight WHERE passenger_id = in_passenger_id)
		SELECT a.passenger_id, flight.* FROM flight, a WHERE flight.flight_num = a.flight_num;
	END ;;
DELIMITER ;
/*!50003 SET sql_mode              = @saved_sql_mode */ ;
/*!50003 SET character_set_client  = @saved_cs_client */ ;
/*!50003 SET character_set_results = @saved_cs_results */ ;
/*!50003 SET collation_connection  = @saved_col_connection */ ;
/*!50003 DROP PROCEDURE IF EXISTS `removeEmployee` */;
/*!50003 SET @saved_cs_client      = @@character_set_client */ ;
/*!50003 SET @saved_cs_results     = @@character_set_results */ ;
/*!50003 SET @saved_col_connection = @@collation_connection */ ;
/*!50003 SET character_set_client  = utf8mb4 */ ;
/*!50003 SET character_set_results = utf8mb4 */ ;
/*!50003 SET collation_connection  = utf8mb4_0900_ai_ci */ ;
/*!50003 SET @saved_sql_mode       = @@sql_mode */ ;
/*!50003 SET sql_mode              = 'STRICT_TRANS_TABLES,NO_ENGINE_SUBSTITUTION' */ ;
DELIMITER ;;
CREATE DEFINER=`root`@`localhost` PROCEDURE `removeEmployee`(IN in_eid INT)
BEGIN
		DELETE FROM employee WHERE employee_id = in_eid;
	END ;;
DELIMITER ;
/*!50003 SET sql_mode              = @saved_sql_mode */ ;
/*!50003 SET character_set_client  = @saved_cs_client */ ;
/*!50003 SET character_set_results = @saved_cs_results */ ;
/*!50003 SET collation_connection  = @saved_col_connection */ ;
/*!40103 SET TIME_ZONE=@OLD_TIME_ZONE */;

/*!40101 SET SQL_MODE=@OLD_SQL_MODE */;
/*!40014 SET FOREIGN_KEY_CHECKS=@OLD_FOREIGN_KEY_CHECKS */;
/*!40014 SET UNIQUE_CHECKS=@OLD_UNIQUE_CHECKS */;
/*!40101 SET CHARACTER_SET_CLIENT=@OLD_CHARACTER_SET_CLIENT */;
/*!40101 SET CHARACTER_SET_RESULTS=@OLD_CHARACTER_SET_RESULTS */;
/*!40101 SET COLLATION_CONNECTION=@OLD_COLLATION_CONNECTION */;
/*!40111 SET SQL_NOTES=@OLD_SQL_NOTES */;

-- Dump completed on 2022-12-09 19:56:40
